families,status,n_molecules
bis-imide,no graft handle,3
mono-imide,1e- family,10
mono-imide,no graft handle,49
mono-imide,unassigned stereo,2
mono-imide+pyridinium,ring-N graft not forming a viologen,6
nitroxide,1e- family,3
nitroxide,no graft handle,10
nitroxide,unassigned stereo,1
o-quinone,no graft handle,36
o-quinone,ok,6
o-quinone,unassigned stereo,6
o-quinone+pyridinium,ring-N graft not forming a viologen,3
p-quinone,element not allowed: I,2
p-quinone,no graft handle,154
p-quinone,ok,109
p-quinone,unassigned stereo,70
p-quinone+pyridinium,no graft handle,2
p-quinone+pyridinium,ring-N graft not forming a viologen,25
p-quinone+pyridinium,unassigned stereo,3
phenothiazine,no graft handle,22
pyridinium,1e- family,3
pyridinium,element not allowed: I,90
pyridinium,no graft handle,11
pyridinium,ring-N graft not forming a viologen,13399
pyridinium,unassigned stereo,233
pyridinium+nitroxide,no graft handle,7
