id,name,precursor,target,rediscovered,graft,n_sites,families,multi_e
ethylviologen,"N-benzyl-N'-ethyl-4,4'-bipyridinium (ethyl viologen)",CC[n+]1ccc(-c2ccncc2)cc1,CC[n+]1ccc(-c2cc[n+](Cc3ccc(C)cc3)cc2)cc1,True,N-benzyl pyridinium (Menshutkin),1,viologen,True
pmdi,N-benzyl-N'-methyl pyromellitic diimide,Cn1c(=O)c2cc3c(=O)[nH]c(=O)c3cc2c1=O,Cc1ccc(Cn2c(=O)c3cc4c(=O)n(C)c(=O)c4cc3c2=O)cc1,True,N-benzyl (imide N-H),1,bis-imide,True
ndi_ammonium,N-benzyl N'-(3-trimethylammoniopropyl) naphthalene diimide,C[N+](C)(C)CCCN1C(=O)c2ccc3c4c(ccc(c24)C1=O)C(=O)NC3=O,Cc1ccc(CN2C(=O)c3ccc4c5c(ccc(c35)C2=O)C(=O)N(CCC[N+](C)(C)C)C4=O)cc1,True,N-benzyl (imide N-H),1,bis-imide,True
mophquinone,"2-(4-benzyloxyphenyl)-1,4-benzoquinone",O=C1C=CC(=O)C(c2ccc(O)cc2)=C1,Cc1ccc(COc2ccc(C3=CC(=O)C=CC3=O)cc2)cc1,True,"O-benzyl ether (phenol/enol, Williamson)",1,p-quinone,True
dmophquinone,"2-(2-methoxy-5-benzyloxyphenyl)-5-methoxy-1,4-benzoquinone",COC1=CC(=O)C(c2cc(O)ccc2OC)=CC1=O,COC1=CC(=O)C(c2cc(OCc3ccc(C)cc3)ccc2OC)=CC1=O,True,"O-benzyl ether (phenol/enol, Williamson)",1,p-quinone,True
bisviologen,"N,N'-bis(benzyl)-4,4'-bipyridinium (bis-tethered viologen)",Cc1ccc(C[n+]2ccc(-c3ccncc3)cc2)cc1,Cc1ccc(C[n+]2ccc(-c3cc[n+](Cc4ccc(C)cc4)cc3)cc2)cc1,True,N-benzyl pyridinium (Menshutkin),1,viologen,True
aq_benzyloxy,2-(benzyloxy)anthraquinone,O=C1c2ccccc2C(=O)c2cc(O)ccc21,Cc1ccc(COc2ccc3c(c2)C(=O)c2ccccc2C3=O)cc1,True,"O-benzyl ether (phenol/enol, Williamson)",1,p-quinone,True
nq_benzyloxy,"2-(benzyloxy)-1,4-naphthoquinone (from lawsone)",O=C1C=C(O)C(=O)c2ccccc21,Cc1ccc(COC2=CC(=O)c3ccccc3C2=O)cc1,True,"O-benzyl ether (phenol/enol, Williamson)",1,p-quinone,True
dtbc_phenol,"3,5-di-tert-butyl-2-(benzyloxy)phenol (mono-O-benzyl DTBC)",CC(C)(C)c1cc(O)c(O)c(C(C)(C)C)c1,Cc1ccc(COc2c(O)cc(C(C)(C)C)cc2C(C)(C)C)cc1,True,"O-benzyl ether (phenol/enol, Williamson)",2,,False
aq_benzylamino,2-(benzylamino)anthraquinone (repaired 9-aminoanthracene route),Nc1ccc2c(c1)C(=O)c1ccccc1C2=O,Cc1ccc(CNc2ccc3c(c2)C(=O)c2ccccc2C3=O)cc1,True,N-benzyl (amine N-H),1,p-quinone,True
pyridinium,N-benzylpyridinium,c1ccncc1,Cc1ccc(C[n+]2ccccc2)cc1,True,N-benzyl pyridinium (Menshutkin),1,pyridinium,False
cyanopyridinium,N-benzyl-4-cyanopyridinium,N#Cc1ccncc1,Cc1ccc(C[n+]2ccc(C#N)cc2)cc1,True,N-benzyl pyridinium (Menshutkin),1,pyridinium,False
viologen,"N-benzyl-N'-methyl-4,4'-bipyridinium (viologen)",C[n+]1ccc(-c2ccncc2)cc1,Cc1ccc(C[n+]2ccc(-c3cc[n+](C)cc3)cc2)cc1,True,N-benzyl pyridinium (Menshutkin),1,viologen,True
phenothiazine,N-benzylphenothiazine,c1ccc2c(c1)Nc1ccccc1S2,Cc1ccc(CN2c3ccccc3Sc3ccccc32)cc1,True,N-benzyl (amine N-H),1,phenothiazine,False
tempo,4-(benzyloxy)-TEMPO,CC1(C)CC(O)CC(C)(C)N1[O],Cc1ccc(COC2CC(C)(C)N([O])C(C)(C)C2)cc1,True,"O-benzyl ether (phenol/enol, Williamson)",1,nitroxide,False
anthraquinone,2-(benzyloxymethyl)anthraquinone,O=C1c2ccccc2C(=O)c2cc(CO)ccc21,Cc1ccc(COCc2ccc3c(c2)C(=O)c2ccccc2C3=O)cc1,True,"O-benzyl ether (phenol/enol, Williamson)",1,p-quinone,True
