system,smiles,lambda_eV,lambda_type,phase_solvent,method_level,reproducible,match_level_needed,citation,doi
naphthalene,c1ccc2ccccc2c1,~0.18 (hole; lit-standard),inner,gas-phase (molecular; used for crystal transport),gas-phase 4-point (Nelsen adiabatic-potential) DFT ~B3LYP/6-31G** class,a,"B3LYP/6-31G** gas-phase 4-point (their level); our default wB97M-V/def2-TZVP gives a close but not identical value — set B3LYP/6-31G(d,p) to match","Coropceanu, Cornil, da Silva Filho, Olivier, Silbey, Bredas, ""Charge Transport in Organic Semiconductors"", Chem. Rev. 2007, 107, 926 (primary numeric compilation); used by Blumberger group for OSC transport",10.1021/cr050140x
anthracene,c1ccc2cc3ccccc3cc2c1,~0.14 (hole; lit-standard),inner,gas-phase (molecular),gas-phase 4-point DFT ~B3LYP/6-31G** class,a,"B3LYP/6-31G(d,p) gas-phase 4-point to match; our pipeline reproduces the SCHEME exactly","Coropceanu et al., Chem. Rev. 2007, 107, 926; scale confirmed by Oberhofer, Reuter, Blumberger, Chem. Rev. 2017 (OSC lambda ~0.1 eV)",10.1021/cr050140x
tetracene,c1ccc2cc3cc4ccccc4cc3cc2c1,~0.11 (hole; lit-standard),inner,gas-phase (molecular),gas-phase 4-point DFT ~B3LYP/6-31G** class,a,"B3LYP/6-31G(d,p) gas-phase 4-point to match","Coropceanu et al., Chem. Rev. 2007, 107, 926",10.1021/cr050140x
pentacene,c1ccc2cc3cc4cc5ccccc5cc4cc3cc2c1,~0.10 (hole; lit-standard),inner,gas-phase (molecular),gas-phase 4-point DFT ~B3LYP/6-31G** class,a,"B3LYP/6-31G(d,p) gas-phase 4-point to match","Coropceanu et al., Chem. Rev. 2007, 107, 926",10.1021/cr050140x
rubrene,"5,6,11,12-tetraphenyltetracene (SMILES: c1ccc(-c2c3ccccc3c(-c3ccccc3)c3c2c(-c2ccccc2)c2ccccc2c3-c2ccccc2)cc1 — verify)",~0.15 (hole; lit-standard),inner,gas-phase (molecular),gas-phase 4-point DFT ~B3LYP/6-31G** class,a,"B3LYP/6-31G(d,p) gas-phase 4-point to match","Coropceanu et al., Chem. Rev. 2007; da Silva Filho/Bredas",10.1021/cr050140x
"oligoacenes/OSC crystals (generic total lambda)",,~0.15 (typical; <=0.2 stated),total,organic-semiconductor crystal (solid state),FOB-SH nonadiabatic MD + gas-phase 4-point inner lambda (DFT) + crystal environment,c,"inner part reproducible (a) at B3LYP/6-31G**; the crystal/environment (outer) part needs polarizable-crystal MD we do not run — our Born continuum is a SOLUTION model, not a crystal","Giannini, Carof, Ellis, Yang, Ziogos, Ghosh, Kubas, Blumberger, ""Quantum localization and delocalization of charge carriers in organic semiconducting crystals"", Nat. Commun. 2019, 10, 3843",10.1038/s41467-019-11775-9
"polyacenes external/outer-sphere (naphthalene->rubrene, hole)",,"~0.01-0.06 (small; tens of meV, value needs-verification)",outer,organic molecular crystal (solid state),polarizable force field (crystal external reorganization),c,"crystal outer-sphere via polarizable-solid model; NOT our Marcus-Born continuum (which is for a dielectric liquid). Not directly reproducible","McMahon, Troisi, ""Evaluation of the External Reorganization Energy of Polyacenes"", J. Phys. Chem. Lett. 2010, 1, 941",10.1021/jz1001049
"aqueous transition-metal self-exchange (e.g. Ru(H2O)6 2+/3+, Fe 2+/3+, Ru(bpy)3 2+/3+)",,"~1.5-2.2 (total; representative, needs per-system verification)",total,aqueous (water),QM/MM or DFT Born-Oppenheimer MD; Marcus energy-gap (linear-response two-parabola) sampling,c,"full explicit-solvent MD sampling of the vertical energy gap — cannot be done by our 4-point or continuum add-on","Blumberger, ""Recent Advances in the Theory and Molecular Simulation of Biological Electron Transfer Reactions"", Chem. Rev. 2015, 115, 11191 (compiles these); Ru(bpy)3 via Seidel/Winter/Blumberger DFT-MD + photoemission",10.1021/acs.chemrev.5b00298
cytochrome c (heme Fe2+/Fe3+ ET),,"~0.7-1.5 (total; needs-verification, sampling/ergodicity-dependent)",total,protein in water (condensed phase),classical/QM-MM MD; Marcus energy-gap sampling (ergodicity assessed),c,full biomolecular MD sampling — not reproducible by our pipeline,"Jiang, Futera, Blumberger, ""Ergodicity-Breaking in Thermal Biological Electron Transfer? Cytochrome c Revisited"", J. Phys. Chem. B 2019, 123, 7588",10.1021/acs.jpcb.9b05253
multiheme cytochromes (MtrF/STC heme-heme ET),,"~0.6-1.0 (total; needs-verification)",total,protein in water (condensed phase),classical MD + QM/MM; Marcus energy-gap sampling,c,full biomolecular MD sampling — not reproducible by our pipeline,"Breuer, Rosso, Blumberger, Butt, ""Multi-haem cytochromes in Shewanella oneidensis MR-1..."", J. R. Soc. Interface 2014, 12, 20141117",10.1098/rsif.2014.1117
"organic amine self-exchange (e.g. tetraalkylhydrazines, N,N,N',N'-tetramethyl-p-phenylenediamine)",,"not retrieved (per-molecule value not verified this session)",inner,"gas/solution (method origin)",gas-phase 4-point (Nelsen adiabatic-potential) — the ORIGINAL 4-point scheme our pipeline implements,a,"our pipeline IS this scheme; match their functional/basis (semiempirical/HF or DFT as in source) for a like-for-like number","Nelsen, Blackstock, Kim, ""Estimation of inner shell Marcus terms for amino nitrogen compounds by molecular orbital calculations"", J. Am. Chem. Soc. 1987, 109, 677",10.1021/ja00237a007
