molecule,family,smiles,lambda_eV,lambda_type,couple,solvent,method_obtained,level_of_theory,reproducible_notes,citation,doi
p-benzoquinone,quinone,O=C1C=CC(=O)C=C1,,total,neutral/anion (Q/Q•-),several (see ref; incl. DMF/DMSO/MeCN class),Marcus rate fit (NMR line-broadening self-exchange k_ex),experiment,"NUMERIC lambda NOT retrievable this session (paywalled 1969 Mol.Phys.). Classic k_ex for Q/Q•- self-exchange; total lambda (inner+outer). Compare to our inner-sphere anthraquinone/benzoquinone red couple (~0.38-0.43 eV) + outer-sphere lambda_o~0.95 eV (MeCN, computed here) => total ~1.3 eV expected. RETRIEVE k_ex and derived lambda from Table in DOI.",Williams (1969) The measurement of electron exchange rate constants using NMR: p-benzoquinone and duroquinone molecule-radical anion. Mol. Phys. 16 145,10.1080/00268976900100071
duroquinone (tetramethyl-1;4-benzoquinone),quinone,CC1=C(C)C(=O)C(C)=C(C)C1=O,,total,neutral/anion (Q/Q•-),several (see ref),Marcus rate fit (NMR line-broadening self-exchange k_ex),experiment,"NUMERIC lambda NOT retrievable this session. Same Williams 1969 study measures duroquinone self-exchange. Total lambda. D3TaLES computed electron reorg=0.573 eV (inner). RETRIEVE k_ex + lambda from DOI.",Williams (1969) Mol. Phys. 16 145,10.1080/00268976900100071
"DDQ (2;3-dichloro-5;6-dicyano-1;4-benzoquinone)",quinone,N#CC1=C(C#N)C(=O)C(Cl)=C(Cl)C1=O,,total,neutral/anion (Q/Q•-),"acetonitrile + solvent series",Marcus rate fit (ESR line-broadening self-exchange; solvent-dynamical),experiment,"GOLD primary source for a quinone self-exchange in MeCN. NUMERIC lambda paywalled (Perkin Trans 2). Total lambda (inner+outer); solvent-dynamical treatment separates lambda_o. DDQ is EWG-substituted, so lambda differs from parent BQ. RETRIEVE lambda_i and lambda_o from Table in DOI.",Grampp; Landgraf; Rasmussen (1999) Electron self-exchange kinetics of DDQ/DDQ•-. Part 1 Solvent dynamical effects. J. Chem. Soc. Perkin Trans. 2 1897,10.1039/a903394g
quinone/semiquinone (family),quinone,,,total,neutral/anion,aprotic (theory vs expt across couples),Marcus rate fit (ESR self-exchange; adiabatic vs diabatic),experiment+theory,"General quinone/semiquinone self-exchange kinetics compared to semiclassical Marcus theory; a compilation source for the family. NUMERIC values paywalled. Good for cross-checking any single-molecule anchor.",Grampp; Jaenicke (1991) Kinetics of diabatic and adiabatic electron exchange in organic systems. Ber. Bunsenges. Phys. Chem. 95 904,10.1002/bbpc.19910950811
9;10-anthraquinone,quinone,O=C1c2ccccc2C(=O)c2ccccc12,0.304,inner,neutral/anion (Q/Q•-),gas (implicit-solvent variants in DB),computed (4-point Nelsen; IP-tuned range-separated DFT),IP-tuned LC-wHPBE/def2-SVP gas (Gaussian16),"COMPUTED anchor from D3TaLES. electron_reorganization_energy=0.3035 eV. Directly comparable to OUR inner-sphere lambda_i for anthraquinone (0/-1)=0.380 eV (wB97M-V/def2-TZVP) -> agreement ~0.08 eV. hole reorg=0.050 eV.",D3TaLES database (Odom/Risko et al.); see repo docs/DATASETS.md,https://d3tales.as.uky.edu
1;4-naphthoquinone,quinone,O=C1C=CC(=O)c2ccccc12,0.583,inner,neutral/anion (Q/Q•-),gas,computed (4-point Nelsen),IP-tuned LC-wHPBE/def2-SVP gas (Gaussian16),"COMPUTED anchor from D3TaLES. electron_reorg=0.5825 eV; hole_reorg=0.1678 eV. No parent-BQ entry in D3TaLES public dump.",D3TaLES database,https://d3tales.as.uky.edu
duroquinone,quinone,CC1=C(C)C(=O)C(C)=C(C)C1=O,0.573,inner,neutral/anion (Q/Q•-),gas,computed (4-point Nelsen),IP-tuned LC-wHPBE/def2-SVP gas (Gaussian16),"COMPUTED anchor from D3TaLES. electron_reorg=0.5725 eV; hole_reorg=0.7766 eV. Pair with Williams 1969 experimental self-exchange for the SAME molecule to validate computed inner-sphere lambda.",D3TaLES database,https://d3tales.as.uky.edu
TEMPO (2;2;6;6-tetramethylpiperidine-1-oxyl),tempo/nitroxide,CC1(C)CCCC(C)(C)N1[O],,total,radical/cation (TEMPO•/TEMPO+),acetonitrile + solvent series,Marcus rate fit (ESR line-broadening self-exchange; solvent-dynamical),experiment,"GOLD primary source: direct TEMPO•/TEMPO+ self-exchange in MeCN. NUMERIC lambda + k_ex paywalled (PCCP 2002). This is the OXIDATION couple = our tempo hole. Total lambda (inner+outer). KEY CHECK: our computed inner-sphere lambda_i(TEMPO ox)=0.97 eV is LARGE; add lambda_o~0.78 eV -> total ~1.75 eV; compare to Grampp's experimental total. RETRIEVE lambda from DOI.",Grampp; Rasmussen (2002) Solvent dynamical effects on the electron self-exchange rate of the TEMPO•/TEMPO+ couple Part I. Phys. Chem. Chem. Phys. 4 5546,10.1039/b206313a
TEMPO,tempo/nitroxide,CC1(C)CCCC(C)(C)N1[O],0.943,inner,radical/cation (hole; TEMPO•/TEMPO+),gas,computed (4-point Nelsen),IP-tuned LC-wHPBE/def2-SVP gas (Gaussian16),"COMPUTED anchor from D3TaLES. hole_reorg=0.9432 eV (matches our pipeline tempo ox->rad=0.971 eV within 0.03 eV). electron_reorg=1.483 eV likely reflects an unbound/poorly-bound anion (TEMPO does not reduce cleanly) - treat electron value with caution.",D3TaLES database,https://d3tales.as.uky.edu
TEMPO,tempo/nitroxide,CC1(C)CCCC(C)(C)N1[O],,computed-lambda,radical/cation and MD solvent,acetonitrile and others (MD),computed (DFT vertical energies + classical MD sampling),DFT (functional per paper) + classical MD,"Modern computed TEMPO reorganization energies across solvents; useful methodological cross-check for solvent-dependence of lambda. NUMERIC values in paper body.",Mitra; Heuer; Diddens (2024) Electron transfer reaction of TEMPO-based organic radical batteries in different solvent environments. Phys. Chem. Chem. Phys. 26,10.1039/d3cp04111e
phenothiazine (parent),phenothiazine,c1ccc2c(c1)Nc1ccccc1S2,,total/inner-from-IVCT,neutral/cation (PH/PH•+),dichloromethane (typical for IV-CT of these systems),IV-CT optical band (Mulliken-Hush two-state),experiment,"GOLD primary source: intermolecular self-exchange precursor complex (PH)2•+ AND intramolecular mixed-valence P(br)P•+; lambda derived from intervalence (charge-resonance) band via Mulliken-Hush. NUMERIC lambda + H_ab paywalled (JACS 2004). This is the OXIDATION couple = our phenothiazine hole. RETRIEVE lambda from Table in DOI.",Sun; Rosokha; Kochi (2004) Donor-acceptor coupling in the precursor complex to organic electron transfer: phenothiazine self-exchange. J. Am. Chem. Soc. 126 1388,10.1021/ja038746v
organic self-exchange (phenothiazine et al.) review,phenothiazine,,,total,various D/D•+,various,IV-CT + rate-fit compilation,experiment (review),"Review that TABULATES lambda and H_ab for many organic self-exchange couples incl. phenothiazine; best single source to pull consolidated experimental lambda for aromatic donor couples. Paywalled.",Rosokha; Kochi (2008) Fresh look at electron-transfer mechanisms via the donor/acceptor bindings in the critical encounter complex. Acc. Chem. Res. 41 641,10.1021/ar700256a
N-ethylphenothiazine derivatives,phenothiazine,CCN1c2ccccc2Sc2ccccc21,0.536,inner,neutral/cation (hole),gas,computed (4-point Nelsen),IP-tuned LC-wHPBE/def2-SVP gas (Gaussian16),"COMPUTED anchor from D3TaLES (Odom group entries). hole_reorg ~0.45-0.63 eV across N-ethyl(3;7-di-substituted) phenothiazines; representative 3;7-dimethyl-N-ethyl=0.5362 eV. Matches our phenothiazine_parent ox->neu=0.518 eV. electron_reorg meaningless (phenothiazine not reduced).",D3TaLES database,https://d3tales.as.uky.edu
methyl viologen (1;1'-dimethyl-4;4'-bipyridinium),viologen,C[n+]1ccc(-c2cc[n+](C)cc2)cc1,,total,dication/radical-cation (MV2+/MV+•) and MV+•/MV0,typically water or MeCN,Marcus rate fit (self-exchange) / IV-CT for bridged bis-viologens,experiment,"NO clean single-molecule primary DOI pinned this session for MV self-exchange lambda. Literature consensus: MV2+/MV+• has LOW inner-sphere lambda (delocalized planar radical cation, fast reversible ET); MV+•/MV0 higher (planarization). Bridged/cyclophane bis-viologen mixed-valence IV-CT studies exist but were not retrievable with a confident DOI. FLAG: viologen is the weakest-sourced family - targeted retrieval needed (search pulse-radiolysis / ESR self-exchange of MV•+, and cyclophane bis-viologen IV-CT).",needs-verification (see assessment.md; docs/LITERATURE_RFB.md refs V1-V7),
methyl viologen,viologen,C[n+]1ccc(-c2cc[n+](C)cc2)cc1,0.540,inner,dication/radical-cation (MV2+/MV+•),gas,computed (4-point Nelsen on SMD geometries),wB97M-V/def2-TZVP (this project's pipeline),"OUR pipeline computed inner-sphere lambda_i. MV2+/MV+• (2+/+1)=0.540 eV; MV+•/MV0 (+1/0)=0.373 eV. No D3TaLES cross-check (charged bipyridinium absent from D3TaLES public dump). Add outer-sphere lambda_o~0.72 eV (MeCN) for total.",this project (results/reorganization.csv),
N;N;N';N'-tetramethyl-p-phenylenediamine (TMPD; calibration),aromatic-amine (calibration),CN(C)c1ccc(N(C)C)cc1,,total,neutral/cation,acetonitrile + aprotic series,Marcus rate fit (ESR line-broadening self-exchange),experiment,"NOT a target family but the canonical low-lambda organic self-exchange CALIBRATION (Wurster's blue). Useful to validate the experimental-vs-computed workflow end-to-end. NUMERIC lambda paywalled. TMPD has small inner-sphere lambda (rigid delocalized amine), like the viologen/phenothiazine hole couples.",Grampp; Jaenicke (1985) Kinetics of electron exchange in TMPD in aprotic solvents and the semiclassical theory of electron transfer. J. Chem. Soc. Faraday Trans. 2 81 1035,10.1039/f29858101035
organic intervalence bis(hydrazine) (methodology),methodology,,,inner,radical cation,acetonitrile,IV-CT optical band (Marcus-Hush) + comparison to computed lambda_i,experiment+theory,"NOT a target family. Nelsen's bis(hydrazine)/bis(hydrazyl) intervalence radical cations are the canonical demonstration that inner-sphere lambda extracted from IV-CT matches a computed 4-point lambda_i - i.e. the methodological justification for our Nelsen scheme. Use to validate the IV-CT->lambda_i extraction.",Nelsen; Chang; Wolff; Adamus (1993) Polycyclic bis(hydrazine)/bis(hydrazyl) radical cations: high and low inner-sphere reorganization energy organic intervalence compounds. J. Am. Chem. Soc. 115,10.1021/ja00079a007
