id,shape,smiles,couple,solvent,eps_s,eps_op,sasa_radius_A,born_lambda_o_eV,pcm_lambda_o_eV,pcm_over_born,n_body,category
mophquinone_red2_red1,,Cc1ccc(COc2ccc(C3=CC(=O)C=CC3=O)cc2)cc1,red2/red1,acetonitrile,37.5,1.8063360000000002,5.345,0.7098,0.7414,1.045,1,grafted (benzyl handle)
anthraquinone_parent_red2_red1,,O=C1c2ccccc2C(=O)c2ccccc21,red2/red1,acetonitrile,37.5,1.8063360000000002,4.246,0.8936,0.9382,1.05,1,bare (_sa/parent)
anthraquinone_parent_red1_neu,,O=C1c2ccccc2C(=O)c2ccccc21,red1/neu,acetonitrile,37.5,1.8063360000000002,4.246,0.8936,0.9415,1.054,1,bare (_sa/parent)
methylpyridinium_red_ox,,C[n+]1ccccc1,red/ox,acetonitrile,37.5,1.8063360000000002,3.385,1.1206,1.1924,1.064,1,small/validation
pmdi_sa_red2_red1,,Cn1c(=O)c2cc3c(=O)n(C)c(=O)c3cc2c1=O,red2/red1,acetonitrile,37.5,1.8063360000000002,4.449,0.8527,0.9227,1.082,1,bare (_sa/parent)
pmdi_sa_red1_neu,,Cn1c(=O)c2cc3c(=O)n(C)c(=O)c3cc2c1=O,red1/neu,acetonitrile,37.5,1.8063360000000002,4.449,0.8527,0.933,1.094,1,bare (_sa/parent)
methyl_viologen_neu_ox1,,C[n+]1ccc(-c2cc[n+](C)cc2)cc1,neu/ox1,acetonitrile,37.5,1.8063360000000002,4.498,0.8434,0.931,1.104,1,small/validation
mophquinone_sa_red2_red1,,COc1ccc(C2=CC(=O)C=CC2=O)cc1,red2/red1,acetonitrile,37.5,1.8063360000000002,4.37,0.8681,0.9613,1.107,1,bare (_sa/parent)
methyl_viologen_ox1_ox2,,C[n+]1ccc(-c2cc[n+](C)cc2)cc1,ox1/ox2,acetonitrile,37.5,1.8063360000000002,4.498,0.8434,0.9373,1.111,1,small/validation
anthraquinone_red2_red1,,Cc1ccc(COCc2ccc3c(c2)C(=O)c2ccccc2C3=O)cc1,red2/red1,acetonitrile,37.5,1.8063360000000002,5.663,0.6699,0.7582,1.132,1,grafted (benzyl handle)
mophquinone_sa_red1_neu,,COc1ccc(C2=CC(=O)C=CC2=O)cc1,red1/neu,acetonitrile,37.5,1.8063360000000002,4.37,0.8681,0.9939,1.145,1,bare (_sa/parent)
ethylviologen_sa_neu_ox1,,CC[n+]1ccc(-c2cc[n+](CC)cc2)cc1,neu/ox1,acetonitrile,37.5,1.8063360000000002,4.962,0.7646,0.9031,1.181,1,bare (_sa/parent)
ethylviologen_sa_ox1_ox2,,CC[n+]1ccc(-c2cc[n+](CC)cc2)cc1,ox1/ox2,acetonitrile,37.5,1.8063360000000002,4.962,0.7646,0.9083,1.188,1,bare (_sa/parent)
dmophquinone_sa_red2_red1,,COC1=CC(=O)C(c2cc(OC)ccc2OC)=CC1=O,red2/red1,acetonitrile,37.5,1.8063360000000002,4.989,0.7605,0.9199,1.21,1,bare (_sa/parent)
phenothiazine_neu_ox,,Cc1ccc(CN2c3ccccc3Sc3ccccc32)cc1,neu/ox,acetonitrile,37.5,1.8063360000000002,5.287,0.7176,0.8694,1.212,1,grafted (benzyl handle)
cyanopyridinium_red_ox,,Cc1ccc(C[n+]2ccc(C#N)cc2)cc1,red/ox,acetonitrile,37.5,1.8063360000000002,4.668,0.8128,1.0077,1.24,1,grafted (benzyl handle)
viologen_ox1_ox2,,Cc1ccc(C[n+]2ccc(-c3cc[n+](C)cc3)cc2)cc1,ox1/ox2,acetonitrile,37.5,1.8063360000000002,5.432,0.6985,0.8677,1.242,1,grafted (benzyl handle)
dmophquinone_sa_red1_neu,,COC1=CC(=O)C(c2cc(OC)ccc2OC)=CC1=O,red1/neu,acetonitrile,37.5,1.8063360000000002,4.989,0.7605,0.95,1.249,1,bare (_sa/parent)
pmdi_red1_neu,,Cc1ccc(Cn2c(=O)c3cc4c(=O)n(C)c(=O)c4cc3c2=O)cc1,red1/neu,acetonitrile,37.5,1.8063360000000002,5.403,0.7022,0.8877,1.264,1,grafted (benzyl handle)
ethylviologen_ox1_ox2,,CC[n+]1ccc(-c2cc[n+](Cc3ccc(C)cc3)cc2)cc1,ox1/ox2,acetonitrile,37.5,1.8063360000000002,5.627,0.6743,0.8563,1.27,1,grafted (benzyl handle)
ethylviologen_neu_ox1,,CC[n+]1ccc(-c2cc[n+](Cc3ccc(C)cc3)cc2)cc1,neu/ox1,acetonitrile,37.5,1.8063360000000002,5.627,0.6743,0.8609,1.277,1,grafted (benzyl handle)
pyridinium_red_ox,,Cc1ccc(C[n+]2ccccc2)cc1,red/ox,acetonitrile,37.5,1.8063360000000002,4.555,0.8328,1.0706,1.286,1,grafted (benzyl handle)
tempo_parent_rad_ox,,CC1(C)CCCC(C)(C)N1[O],rad/ox,acetonitrile,37.5,1.8063360000000002,4.425,0.8573,1.1033,1.287,1,bare (_sa/parent)
ndi_ammonium_sa_red1_ox,,CN1C(=O)c2ccc3c4c(ccc(c24)C1=O)C(=O)N(CCC[N+](C)(C)C)C3=O,red1/ox,acetonitrile,37.5,1.8063360000000002,5.836,0.6501,0.8376,1.288,1,bare (_sa/parent)
tempo_parent_red_rad,,CC1(C)CCCC(C)(C)N1[O],red/rad,acetonitrile,37.5,1.8063360000000002,4.425,0.8573,1.1425,1.333,1,bare (_sa/parent)
mophquinone_red1_neu,,Cc1ccc(COc2ccc(C3=CC(=O)C=CC3=O)cc2)cc1,red1/neu,acetonitrile,37.5,1.8063360000000002,5.345,0.7098,0.9691,1.365,1,grafted (benzyl handle)
ndi_ammonium_red2_red1,,Cc1ccc(CN2C(=O)c3ccc4c5c(ccc(c35)C2=O)C(=O)N(CCC[N+](C)(C)C)C4=O)cc1,red2/red1,acetonitrile,37.5,1.8063360000000002,6.592,0.5755,0.7932,1.378,1,grafted (benzyl handle)
tempo_rad_ox,,Cc1ccc(COC2CC(C)(C)N([O])C(C)(C)C2)cc1,rad/ox,acetonitrile,37.5,1.8063360000000002,5.63,0.6738,0.9405,1.396,1,grafted (benzyl handle)
ndi_ammonium_red1_ox,,Cc1ccc(CN2C(=O)c3ccc4c5c(ccc(c35)C2=O)C(=O)N(CCC[N+](C)(C)C)C4=O)cc1,red1/ox,acetonitrile,37.5,1.8063360000000002,6.592,0.5755,0.8104,1.408,1,grafted (benzyl handle)
dmophquinone_red1_neu,,COC1=CC(=O)C(c2cc(OCc3ccc(C)cc3)ccc2OC)=CC1=O,red1/neu,acetonitrile,37.5,1.8063360000000002,5.858,0.6477,0.927,1.431,1,grafted (benzyl handle)
tempo_red_rad,,Cc1ccc(COC2CC(C)(C)N([O])C(C)(C)C2)cc1,red/rad,acetonitrile,37.5,1.8063360000000002,5.63,0.6738,1.0653,1.581,1,grafted (benzyl handle)
