id,name,family,state,charge,mult_hint,n_e,n_conf,solv_preopt,smiles
pyridinium,N-benzylpyridinium,pyridine,ox,1,1,0,2,1,Cc1ccc(C[n+]2ccccc2)cc1
pyridinium,N-benzylpyridinium,pyridine,red,0,2,-1,2,0,Cc1ccc(C[n+]2ccccc2)cc1
cyanopyridinium,N-benzyl-4-cyanopyridinium,pyridine,ox,1,1,0,4,1,Cc1ccc(C[n+]2ccc(C#N)cc2)cc1
cyanopyridinium,N-benzyl-4-cyanopyridinium,pyridine,red,0,2,-1,4,0,Cc1ccc(C[n+]2ccc(C#N)cc2)cc1
viologen,"N-benzyl-N'-methyl-4,4'-bipyridinium (viologen)",pyridine-multi-e,ox2,2,1,0,10,1,Cc1ccc(C[n+]2ccc(-c3cc[n+](C)cc3)cc2)cc1
viologen,"N-benzyl-N'-methyl-4,4'-bipyridinium (viologen)",pyridine-multi-e,ox1,1,2,-1,10,1,Cc1ccc(C[n+]2ccc(-c3cc[n+](C)cc3)cc2)cc1
viologen,"N-benzyl-N'-methyl-4,4'-bipyridinium (viologen)",pyridine-multi-e,neu,0,1,-2,10,0,Cc1ccc(C[n+]2ccc(-c3cc[n+](C)cc3)cc2)cc1
phenothiazine,N-benzylphenothiazine,amine (p-type),neu,0,1,0,5,0,Cc1ccc(CN2c3ccccc3Sc3ccccc32)cc1
phenothiazine,N-benzylphenothiazine,amine (p-type),ox,1,2,1,5,1,Cc1ccc(CN2c3ccccc3Sc3ccccc32)cc1
tempo,4-(benzyloxy)-TEMPO,nitroxide,rad,0,2,0,10,0,Cc1ccc(COC2CC(C)(C)N([O])C(C)(C)C2)cc1
tempo,4-(benzyloxy)-TEMPO,nitroxide,ox,1,1,1,10,1,Cc1ccc(COC2CC(C)(C)N([O])C(C)(C)C2)cc1
tempo,4-(benzyloxy)-TEMPO,nitroxide,red,-1,1,-1,10,1,Cc1ccc(COC2CC(C)(C)N([O])C(C)(C)C2)cc1
anthraquinone,2-(benzyloxymethyl)anthraquinone,quinone (n-type),neu,0,1,0,10,0,Cc1ccc(COCc2ccc3c(c2)C(=O)c2ccccc2C3=O)cc1
anthraquinone,2-(benzyloxymethyl)anthraquinone,quinone (n-type),red1,-1,2,-1,10,1,Cc1ccc(COCc2ccc3c(c2)C(=O)c2ccccc2C3=O)cc1
anthraquinone,2-(benzyloxymethyl)anthraquinone,quinone (n-type),red2,-2,1,-2,10,1,Cc1ccc(COCc2ccc3c(c2)C(=O)c2ccccc2C3=O)cc1
ferrocene,ferrocene (internal reference),validation,neu,0,1,0,1,,[Fe].c1ccc[cH-]1.c1ccc[cH-]1
ferrocene,ferrocene (internal reference),validation,ox,1,2,1,1,,[Fe].c1ccc[cH-]1.c1ccc[cH-]1
methyl_viologen,"methyl viologen (N,N'-dimethyl-4,4'-bipyridinium)",validation,ox2,2,1,0,6,,C[n+]1ccc(-c2cc[n+](C)cc2)cc1
methyl_viologen,"methyl viologen (N,N'-dimethyl-4,4'-bipyridinium)",validation,ox1,1,2,-1,6,,C[n+]1ccc(-c2cc[n+](C)cc2)cc1
methyl_viologen,"methyl viologen (N,N'-dimethyl-4,4'-bipyridinium)",validation,neu,0,1,-2,6,,C[n+]1ccc(-c2cc[n+](C)cc2)cc1
tempo_parent,"TEMPO (2,2,6,6-tetramethylpiperidine-1-oxyl)",validation,rad,0,2,0,10,,CC1(C)CCCC(C)(C)N1[O]
tempo_parent,"TEMPO (2,2,6,6-tetramethylpiperidine-1-oxyl)",validation,ox,1,1,1,10,,CC1(C)CCCC(C)(C)N1[O]
tempo_parent,"TEMPO (2,2,6,6-tetramethylpiperidine-1-oxyl)",validation,red,-1,1,-1,10,,CC1(C)CCCC(C)(C)N1[O]
phenothiazine_parent,10H-phenothiazine,validation,neu,0,1,0,1,,c1ccc2c(c1)Nc1ccccc1S2
phenothiazine_parent,10H-phenothiazine,validation,ox,1,2,1,1,,c1ccc2c(c1)Nc1ccccc1S2
anthraquinone_parent,"9,10-anthraquinone",validation,neu,0,1,0,1,,O=C1c2ccccc2C(=O)c2ccccc21
anthraquinone_parent,"9,10-anthraquinone",validation,red1,-1,2,-1,1,,O=C1c2ccccc2C(=O)c2ccccc21
anthraquinone_parent,"9,10-anthraquinone",validation,red2,-2,1,-2,1,,O=C1c2ccccc2C(=O)c2ccccc21
methylpyridinium,N-methylpyridinium,validation,ox,1,1,0,1,,C[n+]1ccccc1
methylpyridinium,N-methylpyridinium,validation,red,0,2,-1,1,,C[n+]1ccccc1
pf6,hexafluorophosphate (free PF6- anion),validation,anion,-1,1,0,10,,F[P-](F)(F)(F)(F)F
mv_ip2,"methyl viologen dication . 2 PF6- (ion pair, net 0)",validation,s0,0,1,0,10,,C[n+]1ccc(-c2cc[n+](C)cc2)cc1.F[P-](F)(F)(F)(F)F.F[P-](F)(F)(F)(F)F
mv_ip1,"methyl viologen radical-cation . 1 PF6- (ion pair, net 0)",validation,s0,0,2,0,10,,C[n+]1ccc(-c2cc[n+](C)cc2)cc1.F[P-](F)(F)(F)(F)F
ethylviologen,"N-benzyl-N'-ethyl-4,4'-bipyridinium (ethyl viologen)",pyridine-multi-e,ox2,2,1,0,10,1,CC[n+]1ccc(-c2cc[n+](Cc3ccc(C)cc3)cc2)cc1
ethylviologen,"N-benzyl-N'-ethyl-4,4'-bipyridinium (ethyl viologen)",pyridine-multi-e,ox1,1,2,-1,10,1,CC[n+]1ccc(-c2cc[n+](Cc3ccc(C)cc3)cc2)cc1
ethylviologen,"N-benzyl-N'-ethyl-4,4'-bipyridinium (ethyl viologen)",pyridine-multi-e,neu,0,1,-2,10,0,CC[n+]1ccc(-c2cc[n+](Cc3ccc(C)cc3)cc2)cc1
pmdi,N-benzyl-N'-methyl pyromellitic diimide,imide (n-type),neu,0,1,0,3,0,Cc1ccc(Cn2c(=O)c3cc4c(=O)n(C)c(=O)c4cc3c2=O)cc1
pmdi,N-benzyl-N'-methyl pyromellitic diimide,imide (n-type),red1,-1,2,-1,3,1,Cc1ccc(Cn2c(=O)c3cc4c(=O)n(C)c(=O)c4cc3c2=O)cc1
pmdi,N-benzyl-N'-methyl pyromellitic diimide,imide (n-type),red2,-2,1,-2,3,1,Cc1ccc(Cn2c(=O)c3cc4c(=O)n(C)c(=O)c4cc3c2=O)cc1
ndi_ammonium,N-benzyl N'-(3-trimethylammoniopropyl) naphthalene diimide,imide (n-type),ox,1,1,0,10,1,Cc1ccc(CN2C(=O)c3ccc4c5c(ccc(c35)C2=O)C(=O)N(CCC[N+](C)(C)C)C4=O)cc1
ndi_ammonium,N-benzyl N'-(3-trimethylammoniopropyl) naphthalene diimide,imide (n-type),red1,0,2,-1,10,0,Cc1ccc(CN2C(=O)c3ccc4c5c(ccc(c35)C2=O)C(=O)N(CCC[N+](C)(C)C)C4=O)cc1
ndi_ammonium,N-benzyl N'-(3-trimethylammoniopropyl) naphthalene diimide,imide (n-type),red2,-1,1,-2,10,1,Cc1ccc(CN2C(=O)c3ccc4c5c(ccc(c35)C2=O)C(=O)N(CCC[N+](C)(C)C)C4=O)cc1
mophquinone,"2-(4-benzyloxyphenyl)-1,4-benzoquinone",quinone (n-type),neu,0,1,0,10,0,Cc1ccc(COc2ccc(C3=CC(=O)C=CC3=O)cc2)cc1
mophquinone,"2-(4-benzyloxyphenyl)-1,4-benzoquinone",quinone (n-type),red1,-1,2,-1,10,1,Cc1ccc(COc2ccc(C3=CC(=O)C=CC3=O)cc2)cc1
mophquinone,"2-(4-benzyloxyphenyl)-1,4-benzoquinone",quinone (n-type),red2,-2,1,-2,10,1,Cc1ccc(COc2ccc(C3=CC(=O)C=CC3=O)cc2)cc1
dmophquinone,"2-(2-methoxy-5-benzyloxyphenyl)-5-methoxy-1,4-benzoquinone",quinone (n-type),neu,0,1,0,10,0,COC1=CC(=O)C(c2cc(OCc3ccc(C)cc3)ccc2OC)=CC1=O
dmophquinone,"2-(2-methoxy-5-benzyloxyphenyl)-5-methoxy-1,4-benzoquinone",quinone (n-type),red1,-1,2,-1,10,1,COC1=CC(=O)C(c2cc(OCc3ccc(C)cc3)ccc2OC)=CC1=O
dmophquinone,"2-(2-methoxy-5-benzyloxyphenyl)-5-methoxy-1,4-benzoquinone",quinone (n-type),red2,-2,1,-2,10,1,COC1=CC(=O)C(c2cc(OCc3ccc(C)cc3)ccc2OC)=CC1=O
ethylviologen_sa,"ethyl viologen (N,N'-diethyl-4,4'-bipyridinium)",validation,ox2,2,1,0,7,1,CC[n+]1ccc(-c2cc[n+](CC)cc2)cc1
ethylviologen_sa,"ethyl viologen (N,N'-diethyl-4,4'-bipyridinium)",validation,ox1,1,2,-1,7,1,CC[n+]1ccc(-c2cc[n+](CC)cc2)cc1
ethylviologen_sa,"ethyl viologen (N,N'-diethyl-4,4'-bipyridinium)",validation,neu,0,1,-2,7,0,CC[n+]1ccc(-c2cc[n+](CC)cc2)cc1
pmdi_sa,"N,N'-dimethyl pyromellitic diimide",imide (n-type),neu,0,1,0,1,0,Cn1c(=O)c2cc3c(=O)n(C)c(=O)c3cc2c1=O
pmdi_sa,"N,N'-dimethyl pyromellitic diimide",imide (n-type),red1,-1,2,-1,1,1,Cn1c(=O)c2cc3c(=O)n(C)c(=O)c3cc2c1=O
pmdi_sa,"N,N'-dimethyl pyromellitic diimide",imide (n-type),red2,-2,1,-2,1,1,Cn1c(=O)c2cc3c(=O)n(C)c(=O)c3cc2c1=O
ndi_ammonium_sa,N-methyl-N'-(3-trimethylammoniopropyl) naphthalene diimide,imide (n-type),ox,1,1,0,10,1,CN1C(=O)c2ccc3c4c(ccc(c24)C1=O)C(=O)N(CCC[N+](C)(C)C)C3=O
ndi_ammonium_sa,N-methyl-N'-(3-trimethylammoniopropyl) naphthalene diimide,imide (n-type),red1,0,2,-1,10,0,CN1C(=O)c2ccc3c4c(ccc(c24)C1=O)C(=O)N(CCC[N+](C)(C)C)C3=O
ndi_ammonium_sa,N-methyl-N'-(3-trimethylammoniopropyl) naphthalene diimide,imide (n-type),red2,-1,1,-2,10,1,CN1C(=O)c2ccc3c4c(ccc(c24)C1=O)C(=O)N(CCC[N+](C)(C)C)C3=O
mophquinone_sa,"2-(4-methoxyphenyl)-1,4-benzoquinone (xlsx / D3TaLES)",quinone (n-type),neu,0,1,0,2,0,COc1ccc(C2=CC(=O)C=CC2=O)cc1
mophquinone_sa,"2-(4-methoxyphenyl)-1,4-benzoquinone (xlsx / D3TaLES)",quinone (n-type),red1,-1,2,-1,2,1,COc1ccc(C2=CC(=O)C=CC2=O)cc1
mophquinone_sa,"2-(4-methoxyphenyl)-1,4-benzoquinone (xlsx / D3TaLES)",quinone (n-type),red2,-2,1,-2,2,1,COc1ccc(C2=CC(=O)C=CC2=O)cc1
dmophquinone_sa,"2-(2,5-dimethoxyphenyl)-5-methoxy-1,4-benzoquinone (xlsx / D3TaLES)",quinone (n-type),neu,0,1,0,10,0,COC1=CC(=O)C(c2cc(OC)ccc2OC)=CC1=O
dmophquinone_sa,"2-(2,5-dimethoxyphenyl)-5-methoxy-1,4-benzoquinone (xlsx / D3TaLES)",quinone (n-type),red1,-1,2,-1,10,1,COC1=CC(=O)C(c2cc(OC)ccc2OC)=CC1=O
dmophquinone_sa,"2-(2,5-dimethoxyphenyl)-5-methoxy-1,4-benzoquinone (xlsx / D3TaLES)",quinone (n-type),red2,-2,1,-2,10,1,COC1=CC(=O)C(c2cc(OC)ccc2OC)=CC1=O
bisviologen,"N,N'-bis(benzyl)-4,4'-bipyridinium (bis-tethered viologen)",pyridine-multi-e,ox2,2,1,0,10,1,Cc1ccc(C[n+]2ccc(-c3cc[n+](Cc4ccc(C)cc4)cc3)cc2)cc1
bisviologen,"N,N'-bis(benzyl)-4,4'-bipyridinium (bis-tethered viologen)",pyridine-multi-e,ox1,1,2,-1,10,1,Cc1ccc(C[n+]2ccc(-c3cc[n+](Cc4ccc(C)cc4)cc3)cc2)cc1
bisviologen,"N,N'-bis(benzyl)-4,4'-bipyridinium (bis-tethered viologen)",pyridine-multi-e,neu,0,1,-2,10,0,Cc1ccc(C[n+]2ccc(-c3cc[n+](Cc4ccc(C)cc4)cc3)cc2)cc1
aq_benzyloxy,2-(benzyloxy)anthraquinone,quinone (n-type),neu,0,1,0,10,0,Cc1ccc(COc2ccc3c(c2)C(=O)c2ccccc2C3=O)cc1
aq_benzyloxy,2-(benzyloxy)anthraquinone,quinone (n-type),red1,-1,2,-1,10,1,Cc1ccc(COc2ccc3c(c2)C(=O)c2ccccc2C3=O)cc1
aq_benzyloxy,2-(benzyloxy)anthraquinone,quinone (n-type),red2,-2,1,-2,10,1,Cc1ccc(COc2ccc3c(c2)C(=O)c2ccccc2C3=O)cc1
nq_benzyloxy,"2-(benzyloxy)-1,4-naphthoquinone (from lawsone)",quinone (n-type),neu,0,1,0,10,0,Cc1ccc(COC2=CC(=O)c3ccccc3C2=O)cc1
nq_benzyloxy,"2-(benzyloxy)-1,4-naphthoquinone (from lawsone)",quinone (n-type),red1,-1,2,-1,10,1,Cc1ccc(COC2=CC(=O)c3ccccc3C2=O)cc1
nq_benzyloxy,"2-(benzyloxy)-1,4-naphthoquinone (from lawsone)",quinone (n-type),red2,-2,1,-2,10,1,Cc1ccc(COC2=CC(=O)c3ccccc3C2=O)cc1
dtbc_phenol,"3,5-di-tert-butyl-2-(benzyloxy)phenol (mono-O-benzyl DTBC)",phenol (p-type),neu,0,1,0,10,0,Cc1ccc(COc2c(O)cc(C(C)(C)C)cc2C(C)(C)C)cc1
dtbc_phenol,"3,5-di-tert-butyl-2-(benzyloxy)phenol (mono-O-benzyl DTBC)",phenol (p-type),ox,1,2,1,10,1,Cc1ccc(COc2c(O)cc(C(C)(C)C)cc2C(C)(C)C)cc1
aq_benzylamino,2-(benzylamino)anthraquinone (repaired 9-aminoanthracene route),quinone (n-type),neu,0,1,0,10,0,Cc1ccc(CNc2ccc3c(c2)C(=O)c2ccccc2C3=O)cc1
aq_benzylamino,2-(benzylamino)anthraquinone (repaired 9-aminoanthracene route),quinone (n-type),red1,-1,2,-1,10,1,Cc1ccc(CNc2ccc3c(c2)C(=O)c2ccccc2C3=O)cc1
aq_benzylamino,2-(benzylamino)anthraquinone (repaired 9-aminoanthracene route),quinone (n-type),red2,-2,1,-2,10,1,Cc1ccc(CNc2ccc3c(c2)C(=O)c2ccccc2C3=O)cc1
aq_benzyloxy_sa,2-methoxyanthraquinone,quinone (n-type),neu,0,1,0,2,0,COc1ccc2c(c1)C(=O)c1ccccc1C2=O
aq_benzyloxy_sa,2-methoxyanthraquinone,quinone (n-type),red1,-1,2,-1,2,1,COc1ccc2c(c1)C(=O)c1ccccc1C2=O
aq_benzyloxy_sa,2-methoxyanthraquinone,quinone (n-type),red2,-2,1,-2,2,1,COc1ccc2c(c1)C(=O)c1ccccc1C2=O
nq_benzyloxy_sa,"2-methoxy-1,4-naphthoquinone",quinone (n-type),neu,0,1,0,9,0,COC1=CC(=O)c2ccccc2C1=O
nq_benzyloxy_sa,"2-methoxy-1,4-naphthoquinone",quinone (n-type),red1,-1,2,-1,9,1,COC1=CC(=O)c2ccccc2C1=O
nq_benzyloxy_sa,"2-methoxy-1,4-naphthoquinone",quinone (n-type),red2,-2,1,-2,9,1,COC1=CC(=O)c2ccccc2C1=O
dtbc_phenol_sa,"3,5-di-tert-butyl-2-methoxyphenol",phenol (p-type),neu,0,1,0,9,0,COc1c(O)cc(C(C)(C)C)cc1C(C)(C)C
dtbc_phenol_sa,"3,5-di-tert-butyl-2-methoxyphenol",phenol (p-type),ox,1,2,1,9,1,COc1c(O)cc(C(C)(C)C)cc1C(C)(C)C
aq_benzylamino_sa,2-(methylamino)anthraquinone,quinone (n-type),neu,0,1,0,2,0,CNc1ccc2c(c1)C(=O)c1ccccc1C2=O
aq_benzylamino_sa,2-(methylamino)anthraquinone,quinone (n-type),red1,-1,2,-1,2,1,CNc1ccc2c(c1)C(=O)c1ccccc1C2=O
aq_benzylamino_sa,2-(methylamino)anthraquinone,quinone (n-type),red2,-2,1,-2,2,1,CNc1ccc2c(c1)C(=O)c1ccccc1C2=O
bm_1_4_benzoquinone,"1,4-benzoquinone",validation,neu,0,1,0,1,,O=C1C=CC(=O)C=C1
bm_1_4_benzoquinone,"1,4-benzoquinone",validation,red1,-1,2,-1,1,,O=C1C=CC(=O)C=C1
bm_1_4_benzoquinone,"1,4-benzoquinone",validation,red2,-2,1,-2,1,,O=C1C=CC(=O)C=C1
bm_2_methyl_1_4_benzoquinone,"2-methyl-1,4-benzoquinone",validation,neu,0,1,0,1,,CC1=CC(=O)C=CC1=O
bm_2_methyl_1_4_benzoquinone,"2-methyl-1,4-benzoquinone",validation,red1,-1,2,-1,1,,CC1=CC(=O)C=CC1=O
bm_2_methyl_1_4_benzoquinone,"2-methyl-1,4-benzoquinone",validation,red2,-2,1,-2,1,,CC1=CC(=O)C=CC1=O
bm_2_tert_butyl_1_4_benzoquinone,"2-tert-butyl-1,4-benzoquinone",validation,neu,0,1,0,1,,CC(C)(C)C1=CC(=O)C=CC1=O
bm_2_tert_butyl_1_4_benzoquinone,"2-tert-butyl-1,4-benzoquinone",validation,red1,-1,2,-1,1,,CC(C)(C)C1=CC(=O)C=CC1=O
bm_2_tert_butyl_1_4_benzoquinone,"2-tert-butyl-1,4-benzoquinone",validation,red2,-2,1,-2,1,,CC(C)(C)C1=CC(=O)C=CC1=O
bm_2_fluoro_1_4_benzoquinone,"2-fluoro-1,4-benzoquinone",validation,neu,0,1,0,1,,O=C1C=CC(=O)C(F)=C1
bm_2_fluoro_1_4_benzoquinone,"2-fluoro-1,4-benzoquinone",validation,red1,-1,2,-1,1,,O=C1C=CC(=O)C(F)=C1
bm_2_fluoro_1_4_benzoquinone,"2-fluoro-1,4-benzoquinone",validation,red2,-2,1,-2,1,,O=C1C=CC(=O)C(F)=C1
bm_1_hydroxy_9_10_anthraquinone,"1-hydroxy-9,10-anthraquinone",validation,neu,0,1,0,1,,O=C1c2ccccc2C(=O)c2c(O)cccc21
bm_1_hydroxy_9_10_anthraquinone,"1-hydroxy-9,10-anthraquinone",validation,red1,-1,2,-1,1,,O=C1c2ccccc2C(=O)c2c(O)cccc21
bm_1_hydroxy_9_10_anthraquinone,"1-hydroxy-9,10-anthraquinone",validation,red2,-2,1,-2,1,,O=C1c2ccccc2C(=O)c2c(O)cccc21
bm_1_4_dihydroxy_9_10_anthraquinone_quinizarin,"1,4-dihydroxy-9,10-anthraquinone (quinizarin)",validation,neu,0,1,0,1,,O=C1c2ccccc2C(=O)c2c(O)ccc(O)c21
bm_1_4_dihydroxy_9_10_anthraquinone_quinizarin,"1,4-dihydroxy-9,10-anthraquinone (quinizarin)",validation,red1,-1,2,-1,1,,O=C1c2ccccc2C(=O)c2c(O)ccc(O)c21
bm_1_4_dihydroxy_9_10_anthraquinone_quinizarin,"1,4-dihydroxy-9,10-anthraquinone (quinizarin)",validation,red2,-2,1,-2,1,,O=C1c2ccccc2C(=O)c2c(O)ccc(O)c21
bm_1_amino_9_10_anthraquinone,"1-amino-9,10-anthraquinone",validation,neu,0,1,0,1,,Nc1cccc2c1C(=O)c1ccccc1C2=O
bm_1_amino_9_10_anthraquinone,"1-amino-9,10-anthraquinone",validation,red1,-1,2,-1,1,,Nc1cccc2c1C(=O)c1ccccc1C2=O
bm_1_amino_9_10_anthraquinone,"1-amino-9,10-anthraquinone",validation,red2,-2,1,-2,1,,Nc1cccc2c1C(=O)c1ccccc1C2=O
bm_1_4_diamino_9_10_anthraquinone,"1,4-diamino-9,10-anthraquinone",validation,neu,0,1,0,1,,Nc1ccc(N)c2c1C(=O)c1ccccc1C2=O
bm_1_4_diamino_9_10_anthraquinone,"1,4-diamino-9,10-anthraquinone",validation,red1,-1,2,-1,1,,Nc1ccc(N)c2c1C(=O)c1ccccc1C2=O
bm_1_4_diamino_9_10_anthraquinone,"1,4-diamino-9,10-anthraquinone",validation,red2,-2,1,-2,1,,Nc1ccc(N)c2c1C(=O)c1ccccc1C2=O
bm_1_amino_4_hydroxy_9_10_anthraquinone,"1-amino-4-hydroxy-9,10-anthraquinone",validation,neu,0,1,0,1,,Nc1ccc(O)c2c1C(=O)c1ccccc1C2=O
bm_1_amino_4_hydroxy_9_10_anthraquinone,"1-amino-4-hydroxy-9,10-anthraquinone",validation,red1,-1,2,-1,1,,Nc1ccc(O)c2c1C(=O)c1ccccc1C2=O
bm_1_amino_4_hydroxy_9_10_anthraquinone,"1-amino-4-hydroxy-9,10-anthraquinone",validation,red2,-2,1,-2,1,,Nc1ccc(O)c2c1C(=O)c1ccccc1C2=O
bm_1_4_naphthoquinone,"1,4-naphthoquinone",validation,neu,0,1,0,1,,O=C1C=CC(=O)c2ccccc21
bm_1_4_naphthoquinone,"1,4-naphthoquinone",validation,red1,-1,2,-1,1,,O=C1C=CC(=O)c2ccccc21
bm_1_4_naphthoquinone,"1,4-naphthoquinone",validation,red2,-2,1,-2,1,,O=C1C=CC(=O)c2ccccc21
bm_1_2_naphthoquinone,"1,2-naphthoquinone",validation,neu,0,1,0,1,,O=C1C=Cc2ccccc2C1=O
bm_1_2_naphthoquinone,"1,2-naphthoquinone",validation,red1,-1,2,-1,1,,O=C1C=Cc2ccccc2C1=O
bm_1_2_naphthoquinone,"1,2-naphthoquinone",validation,red2,-2,1,-2,1,,O=C1C=Cc2ccccc2C1=O
bm_5_hydroxy_1_4_naphthoquinone_juglone,"5-hydroxy-1,4-naphthoquinone (juglone)",validation,neu,0,1,0,1,,O=C1C=CC(=O)c2c(O)cccc21
bm_5_hydroxy_1_4_naphthoquinone_juglone,"5-hydroxy-1,4-naphthoquinone (juglone)",validation,red1,-1,2,-1,1,,O=C1C=CC(=O)c2c(O)cccc21
bm_5_hydroxy_1_4_naphthoquinone_juglone,"5-hydroxy-1,4-naphthoquinone (juglone)",validation,red2,-2,1,-2,1,,O=C1C=CC(=O)c2c(O)cccc21
bm_5_8_dihydroxy_1_4_naphthoquinone_naphthazarin,"5,8-dihydroxy-1,4-naphthoquinone (naphthazarin)",validation,neu,0,1,0,1,,O=C1C=CC(=O)c2c(O)ccc(O)c21
bm_5_8_dihydroxy_1_4_naphthoquinone_naphthazarin,"5,8-dihydroxy-1,4-naphthoquinone (naphthazarin)",validation,red1,-1,2,-1,1,,O=C1C=CC(=O)c2c(O)ccc(O)c21
bm_5_8_dihydroxy_1_4_naphthoquinone_naphthazarin,"5,8-dihydroxy-1,4-naphthoquinone (naphthazarin)",validation,red2,-2,1,-2,1,,O=C1C=CC(=O)c2c(O)ccc(O)c21
bm_n_n_diisopropylpyromellitic_diimide,"N,N'-diisopropylpyromellitic diimide",validation,neu,0,1,0,10,,CC(C)n1c(=O)c2cc3c(=O)n(C(C)C)c(=O)c3cc2c1=O
bm_n_n_diisopropylpyromellitic_diimide,"N,N'-diisopropylpyromellitic diimide",validation,red1,-1,2,-1,10,,CC(C)n1c(=O)c2cc3c(=O)n(C(C)C)c(=O)c3cc2c1=O
bm_n_n_diisopropylpyromellitic_diimide,"N,N'-diisopropylpyromellitic diimide",validation,red2,-2,1,-2,10,,CC(C)n1c(=O)c2cc3c(=O)n(C(C)C)c(=O)c3cc2c1=O
bm_n_n_bis_2_methoxyethyl_pyromellitic_diimide,"N,N'-bis(2-methoxyethyl)pyromellitic diimide",validation,neu,0,1,0,10,,COCCn1c(=O)c2cc3c(=O)n(CCOC)c(=O)c3cc2c1=O
bm_n_n_bis_2_methoxyethyl_pyromellitic_diimide,"N,N'-bis(2-methoxyethyl)pyromellitic diimide",validation,red1,-1,2,-1,10,,COCCn1c(=O)c2cc3c(=O)n(CCOC)c(=O)c3cc2c1=O
bm_n_n_bis_2_methoxyethyl_pyromellitic_diimide,"N,N'-bis(2-methoxyethyl)pyromellitic diimide",validation,red2,-2,1,-2,10,,COCCn1c(=O)c2cc3c(=O)n(CCOC)c(=O)c3cc2c1=O
bm_n_n_bis_2_2_methoxyethoxy_ethyl_pyromellitic_diimide,"N,N'-bis[2-(2-methoxyethoxy)ethyl]pyromellitic diimide",validation,neu,0,1,0,10,,COCCOCCn1c(=O)c2cc3c(=O)n(CCOCCOC)c(=O)c3cc2c1=O
bm_n_n_bis_2_2_methoxyethoxy_ethyl_pyromellitic_diimide,"N,N'-bis[2-(2-methoxyethoxy)ethyl]pyromellitic diimide",validation,red1,-1,2,-1,10,,COCCOCCn1c(=O)c2cc3c(=O)n(CCOCCOC)c(=O)c3cc2c1=O
bm_n_n_bis_2_2_methoxyethoxy_ethyl_pyromellitic_diimide,"N,N'-bis[2-(2-methoxyethoxy)ethyl]pyromellitic diimide",validation,red2,-2,1,-2,10,,COCCOCCn1c(=O)c2cc3c(=O)n(CCOCCOC)c(=O)c3cc2c1=O
bm_n_methylphthalimide,N-methylphthalimide,validation,neu,0,1,0,1,,CN1C(=O)c2ccccc2C1=O
bm_n_methylphthalimide,N-methylphthalimide,validation,red1,-1,2,-1,1,,CN1C(=O)c2ccccc2C1=O
bm_n_isopropylphthalimide,N-isopropylphthalimide,validation,neu,0,1,0,1,,CC(C)N1C(=O)c2ccccc2C1=O
bm_n_isopropylphthalimide,N-isopropylphthalimide,validation,red1,-1,2,-1,1,,CC(C)N1C(=O)c2ccccc2C1=O
bm_n_2_methoxyethyl_phthalimide,N-(2-methoxyethyl)phthalimide,validation,neu,0,1,0,10,,COCCN1C(=O)c2ccccc2C1=O
bm_n_2_methoxyethyl_phthalimide,N-(2-methoxyethyl)phthalimide,validation,red1,-1,2,-1,10,,COCCN1C(=O)c2ccccc2C1=O
bm_1_benzyl_1_methyl_4_4_bipyridinium,"1-benzyl-1'-methyl-4,4'-bipyridinium",validation,ox2,2,1,0,6,,C[n+]1ccc(-c2cc[n+](Cc3ccccc3)cc2)cc1
bm_1_benzyl_1_methyl_4_4_bipyridinium,"1-benzyl-1'-methyl-4,4'-bipyridinium",validation,ox1,1,2,-1,6,,C[n+]1ccc(-c2cc[n+](Cc3ccccc3)cc2)cc1
bm_1_benzyl_1_methyl_4_4_bipyridinium,"1-benzyl-1'-methyl-4,4'-bipyridinium",validation,neu,0,1,-2,6,,C[n+]1ccc(-c2cc[n+](Cc3ccccc3)cc2)cc1
bm_tetramethyl_1_4_benzoquinone_duroquinone,"tetramethyl-1,4-benzoquinone (duroquinone)",validation,neu,0,1,0,1,,CC1=C(C)C(=O)C(C)=C(C)C1=O
bm_tetramethyl_1_4_benzoquinone_duroquinone,"tetramethyl-1,4-benzoquinone (duroquinone)",validation,red1,-1,2,-1,1,,CC1=C(C)C(=O)C(C)=C(C)C1=O
bm_2_6_dimethoxy_1_4_benzoquinone,"2,6-dimethoxy-1,4-benzoquinone",validation,neu,0,1,0,10,,COC1=CC(=O)C=C(OC)C1=O
bm_2_6_dimethoxy_1_4_benzoquinone,"2,6-dimethoxy-1,4-benzoquinone",validation,red1,-1,2,-1,10,,COC1=CC(=O)C=C(OC)C1=O
bm_2_methoxy_1_4_benzoquinone,"2-methoxy-1,4-benzoquinone",validation,neu,0,1,0,10,,COC1=CC(=O)C=CC1=O
bm_2_methoxy_1_4_benzoquinone,"2-methoxy-1,4-benzoquinone",validation,red1,-1,2,-1,10,,COC1=CC(=O)C=CC1=O
bm_2_6_dimethyl_1_4_benzoquinone,"2,6-dimethyl-1,4-benzoquinone",validation,neu,0,1,0,1,,CC1=CC(=O)C=C(C)C1=O
bm_2_6_dimethyl_1_4_benzoquinone,"2,6-dimethyl-1,4-benzoquinone",validation,red1,-1,2,-1,1,,CC1=CC(=O)C=C(C)C1=O
bm_2_3_dimethyl_1_4_benzoquinone,"2,3-dimethyl-1,4-benzoquinone",validation,neu,0,1,0,1,,CC1=C(C)C(=O)C=CC1=O
bm_2_3_dimethyl_1_4_benzoquinone,"2,3-dimethyl-1,4-benzoquinone",validation,red1,-1,2,-1,1,,CC1=C(C)C(=O)C=CC1=O
bm_2_3_5_trimethyl_1_4_benzoquinone,"2,3,5-trimethyl-1,4-benzoquinone",validation,neu,0,1,0,1,,CC1=CC(=O)C(C)=C(C)C1=O
bm_2_3_5_trimethyl_1_4_benzoquinone,"2,3,5-trimethyl-1,4-benzoquinone",validation,red1,-1,2,-1,1,,CC1=CC(=O)C(C)=C(C)C1=O
bm_2_3_5_6_tetrachloro_1_4_benzoquinone_chloranil,"2,3,5,6-tetrachloro-1,4-benzoquinone (chloranil)",validation,neu,0,1,0,1,,O=C1C(Cl)=C(Cl)C(=O)C(Cl)=C1Cl
bm_2_3_5_6_tetrachloro_1_4_benzoquinone_chloranil,"2,3,5,6-tetrachloro-1,4-benzoquinone (chloranil)",validation,red1,-1,2,-1,1,,O=C1C(Cl)=C(Cl)C(=O)C(Cl)=C1Cl
bm_2_3_5_6_tetrafluoro_1_4_benzoquinone_fluoranil,"2,3,5,6-tetrafluoro-1,4-benzoquinone (fluoranil)",validation,neu,0,1,0,1,,O=C1C(F)=C(F)C(=O)C(F)=C1F
bm_2_3_5_6_tetrafluoro_1_4_benzoquinone_fluoranil,"2,3,5,6-tetrafluoro-1,4-benzoquinone (fluoranil)",validation,red1,-1,2,-1,1,,O=C1C(F)=C(F)C(=O)C(F)=C1F
bm_2_5_dichloro_1_4_benzoquinone,"2,5-dichloro-1,4-benzoquinone",validation,neu,0,1,0,1,,O=C1C=C(Cl)C(=O)C=C1Cl
bm_2_5_dichloro_1_4_benzoquinone,"2,5-dichloro-1,4-benzoquinone",validation,red1,-1,2,-1,1,,O=C1C=C(Cl)C(=O)C=C1Cl
bm_2_chloro_1_4_benzoquinone,"2-chloro-1,4-benzoquinone",validation,neu,0,1,0,1,,O=C1C=CC(=O)C(Cl)=C1
bm_2_chloro_1_4_benzoquinone,"2-chloro-1,4-benzoquinone",validation,red1,-1,2,-1,1,,O=C1C=CC(=O)C(Cl)=C1
bm_2_3_dichloro_5_6_dicyano_1_4_benzoquinone_ddq,"2,3-dichloro-5,6-dicyano-1,4-benzoquinone (DDQ)",validation,neu,0,1,0,1,,N#CC1=C(C#N)C(=O)C(Cl)=C(Cl)C1=O
bm_2_3_dichloro_5_6_dicyano_1_4_benzoquinone_ddq,"2,3-dichloro-5,6-dicyano-1,4-benzoquinone (DDQ)",validation,red1,-1,2,-1,1,,N#CC1=C(C#N)C(=O)C(Cl)=C(Cl)C1=O
bm_2_3_dichloro_1_4_naphthoquinone,"2,3-dichloro-1,4-naphthoquinone",validation,neu,0,1,0,1,,O=C1C(Cl)=C(Cl)C(=O)c2ccccc21
bm_2_3_dichloro_1_4_naphthoquinone,"2,3-dichloro-1,4-naphthoquinone",validation,red1,-1,2,-1,1,,O=C1C(Cl)=C(Cl)C(=O)c2ccccc21
bm_9_10_phenanthrenequinone,"9,10-phenanthrenequinone",validation,neu,0,1,0,1,,O=C1C(=O)c2ccccc2-c2ccccc21
bm_9_10_phenanthrenequinone,"9,10-phenanthrenequinone",validation,red1,-1,2,-1,1,,O=C1C(=O)c2ccccc2-c2ccccc21
bm_10_methylphenothiazine,10-methylphenothiazine,validation,neu,0,1,0,1,,CN1c2ccccc2Sc2ccccc21
bm_10_methylphenothiazine,10-methylphenothiazine,validation,ox,1,2,1,1,,CN1c2ccccc2Sc2ccccc21
