id,couple,lambda_o_born_eV,lambda_o_pcm_eV,pcm_over_born,sasa_radius_A,solvent,method,scf_checked,geom_source
aq_benzylamino,red1/neu,0.686,0.8569,1.249,5.531,acetonitrile(fallback),b3lyp/def2-svpd,True,xyz:calcs/dft/aq_benzylamino/red1/opt.xyz;calcs/dft/aq_benzylamino/neu/opt.xyz
dtbc_phenol,neu/ox,0.6239,0.859,1.377,6.082,acetonitrile(fallback),b3lyp/def2-svpd,True,xyz:calcs/dft/dtbc_phenol/neu/opt.xyz;calcs/dft/dtbc_phenol/ox/opt.xyz
nq_benzyloxy,red2/red1,0.7415,0.8387,1.131,5.117,acetonitrile(fallback),b3lyp/def2-svpd,True,xyz:calcs/dft/nq_benzyloxy/red2/opt.xyz;calcs/dft/nq_benzyloxy/red1/opt.xyz
aq_benzylamino,red2/red1,0.686,0.7416,1.081,5.531,acetonitrile(fallback),b3lyp/def2-svpd,True,xyz:calcs/dft/aq_benzylamino/red2/opt.xyz;calcs/dft/aq_benzylamino/red1/opt.xyz
ethylviologen,ox1/ox2,0.6744,0.852,1.263,5.627,acetonitrile(fallback),b3lyp/def2-svpd,True,xyz:calcs/dft/ethylviologen/ox1/opt.xyz;calcs/dft/ethylviologen/ox2/opt.xyz
pmdi,red1/neu,0.7023,0.8673,1.235,5.403,acetonitrile(fallback),b3lyp/def2-svpd,True,xyz:calcs/dft/pmdi/red1/opt.xyz;calcs/dft/pmdi/neu/opt.xyz
aq_benzyloxy,red1/neu,0.6916,0.8689,1.256,5.487,acetonitrile(fallback),b3lyp/def2-svpd,True,xyz:calcs/dft/aq_benzyloxy/red1/opt.xyz;calcs/dft/aq_benzyloxy/neu/opt.xyz
ethylviologen,neu/ox1,0.6744,0.849,1.259,5.627,acetonitrile(fallback),b3lyp/def2-svpd,True,xyz:calcs/dft/ethylviologen/neu/opt.xyz;calcs/dft/ethylviologen/ox1/opt.xyz
pmdi,red2/red1,0.7023,0.8411,1.198,5.403,acetonitrile(fallback),b3lyp/def2-svpd,True,xyz:calcs/dft/pmdi/red2/opt.xyz;calcs/dft/pmdi/red1/opt.xyz
aq_benzyloxy,red2/red1,0.6916,0.7613,1.101,5.487,acetonitrile(fallback),b3lyp/def2-svpd,True,xyz:calcs/dft/aq_benzyloxy/red2/opt.xyz;calcs/dft/aq_benzyloxy/red1/opt.xyz
mophquinone,red1/neu,0.71,0.9482,1.335,5.345,acetonitrile(fallback),b3lyp/def2-svpd,True,xyz:calcs/dft/mophquinone/red1/opt.xyz;calcs/dft/mophquinone/neu/opt.xyz
viologen,ox1/ox2,0.6986,0.8647,1.238,5.432,acetonitrile(fallback),b3lyp/def2-svpd,True,xyz:calcs/dft/viologen/ox1/opt.xyz;calcs/dft/viologen/ox2/opt.xyz
bisviologen,ox1/ox2,0.6123,0.8092,1.322,6.198,acetonitrile(fallback),b3lyp/def2-svpd,True,xyz:calcs/dft/bisviologen/ox1/opt.xyz;calcs/dft/bisviologen/ox2/opt.xyz
mophquinone,red2/red1,0.71,0.73,1.028,5.345,acetonitrile(fallback),b3lyp/def2-svpd,True,xyz:calcs/dft/mophquinone/red2/opt.xyz;calcs/dft/mophquinone/red1/opt.xyz
viologen,neu/ox1,0.6986,0.8608,1.232,5.432,acetonitrile(fallback),b3lyp/def2-svpd,True,xyz:calcs/dft/viologen/neu/opt.xyz;calcs/dft/viologen/ox1/opt.xyz
bisviologen,neu/ox1,0.6123,0.8082,1.32,6.198,acetonitrile(fallback),b3lyp/def2-svpd,True,xyz:calcs/dft/bisviologen/neu/opt.xyz;calcs/dft/bisviologen/ox1/opt.xyz
ndi_ammonium,red1/ox,0.5756,0.7949,1.381,6.592,acetonitrile(fallback),b3lyp/def2-svpd,True,xyz:calcs/dft/ndi_ammonium/red1/opt.xyz;calcs/dft/ndi_ammonium/ox/opt.xyz
dmophquinone,red1/neu,0.6478,0.9026,1.393,5.858,acetonitrile(fallback),b3lyp/def2-svpd,True,xyz:calcs/dft/dmophquinone/red1/opt.xyz;calcs/dft/dmophquinone/neu/opt.xyz
ndi_ammonium,red2/red1,0.5756,0.7358,1.278,6.592,acetonitrile(fallback),b3lyp/def2-svpd,True,xyz:calcs/dft/ndi_ammonium/red2/opt.xyz;calcs/dft/ndi_ammonium/red1/opt.xyz
dmophquinone,red2/red1,0.6478,0.7381,1.139,5.858,acetonitrile(fallback),b3lyp/def2-svpd,True,xyz:calcs/dft/dmophquinone/red2/opt.xyz;calcs/dft/dmophquinone/red1/opt.xyz
nq_benzyloxy,red1/neu,0.7415,0.9292,1.253,5.117,acetonitrile(fallback),b3lyp/def2-svpd,True,xyz:calcs/dft/nq_benzyloxy/red1/opt.xyz;calcs/dft/nq_benzyloxy/neu/opt.xyz
pyridinium,red/ox,0.8328,1.0706,1.286,4.555,acetonitrile,"b3lyp/6-31g(d,p) (legacy)",False,
tempo,rad/ox,0.6738,0.9405,1.396,5.63,acetonitrile,"b3lyp/6-31g(d,p) (legacy)",False,
tempo_parent,red/rad,0.8573,1.1425,1.333,4.425,acetonitrile,"b3lyp/6-31g(d,p) (legacy)",False,
pmdi_sa,red2/red1,0.8527,0.9227,1.082,4.449,acetonitrile,"b3lyp/6-31g(d,p) (legacy)",False,
dmophquinone_sa,red2/red1,0.7605,0.9199,1.21,4.989,acetonitrile,"b3lyp/6-31g(d,p) (legacy)",False,
cyanopyridinium,red/ox,0.8128,1.0077,1.24,4.668,acetonitrile,"b3lyp/6-31g(d,p) (legacy)",False,
anthraquinone,red2/red1,0.6699,0.7582,1.132,5.663,acetonitrile,"b3lyp/6-31g(d,p) (legacy)",False,
tempo_parent,rad/ox,0.8573,1.1033,1.287,4.425,acetonitrile,"b3lyp/6-31g(d,p) (legacy)",False,
pmdi_sa,red1/neu,0.8527,0.933,1.094,4.449,acetonitrile,"b3lyp/6-31g(d,p) (legacy)",False,
dmophquinone_sa,red1/neu,0.7605,0.95,1.249,4.989,acetonitrile,"b3lyp/6-31g(d,p) (legacy)",False,
anthraquinone,red1/neu,0.6699,0.8901,1.329,5.663,acetonitrile,"b3lyp/6-31g(d,p) (legacy)",False,
phenothiazine_parent,neu/ox,0.9129,0.9609,1.053,4.156,acetonitrile,"b3lyp/6-31g(d,p) (legacy)",False,
ndi_ammonium_sa,red2/red1,0.6501,0.8255,1.27,5.836,acetonitrile,"b3lyp/6-31g(d,p) (legacy)",False,
ferrocene,neu/ox,nan,1.0549,nan,nan,acetonitrile,"b3lyp/6-31g(d,p) (legacy)",False,
anthraquinone_parent,red2/red1,0.8936,0.9382,1.05,4.246,acetonitrile,"b3lyp/6-31g(d,p) (legacy)",False,
ndi_ammonium_sa,red1/ox,0.6501,0.8376,1.288,5.836,acetonitrile,"b3lyp/6-31g(d,p) (legacy)",False,
phenothiazine,neu/ox,0.7176,0.8694,1.212,5.287,acetonitrile,"b3lyp/6-31g(d,p) (legacy)",False,
methyl_viologen,neu/ox1,0.8434,0.931,1.104,4.498,acetonitrile,"b3lyp/6-31g(d,p) (legacy)",False,
anthraquinone_parent,red1/neu,0.8936,0.9415,1.054,4.246,acetonitrile,"b3lyp/6-31g(d,p) (legacy)",False,
ethylviologen_sa,neu/ox1,0.7646,0.9031,1.181,4.962,acetonitrile,"b3lyp/6-31g(d,p) (legacy)",False,
mophquinone_sa,red2/red1,0.8681,0.9613,1.107,4.37,acetonitrile,"b3lyp/6-31g(d,p) (legacy)",False,
tempo,red/rad,0.6738,1.0653,1.581,5.63,acetonitrile,"b3lyp/6-31g(d,p) (legacy)",False,
methyl_viologen,ox1/ox2,0.8434,0.9373,1.111,4.498,acetonitrile,"b3lyp/6-31g(d,p) (legacy)",False,
methylpyridinium,red/ox,1.1206,1.1924,1.064,3.385,acetonitrile,"b3lyp/6-31g(d,p) (legacy)",False,
ethylviologen_sa,ox1/ox2,0.7646,0.9083,1.188,4.962,acetonitrile,"b3lyp/6-31g(d,p) (legacy)",False,
mophquinone_sa,red1/neu,0.8681,0.9939,1.145,4.37,acetonitrile,"b3lyp/6-31g(d,p) (legacy)",False,
