id,name,family,first_event,second_event,E1_vs_Fc_V,E2_vs_Fc_V,dE12_V,logK_comp,E1_in_window,E2_in_window,usable_electrons,note
viologen,"N-benzyl-N'-methyl-4,4'-bipyridinium (viologen)",pyridine-multi-e,ox2->ox1,ox1->neu,-0.679,-1.209,0.53,9.0,True,True,2,two resolved 1e waves; radical-anion intermediate stable (K_comp>>1)
tempo,4-(benzyloxy)-TEMPO,nitroxide,ox->rad,rad->red,0.545,-1.679,2.224,37.6,True,True,2,two resolved 1e waves; radical-anion intermediate stable (K_comp>>1)
anthraquinone,2-(benzyloxymethyl)anthraquinone,quinone (n-type),neu->red1,red1->red2,-1.093,-1.78,0.687,11.6,True,True,2,two resolved 1e waves; radical-anion intermediate stable (K_comp>>1)
methyl_viologen,"methyl viologen (N,N'-dimethyl-4,4'-bipyridinium)",validation,ox2->ox1,ox1->neu,-0.669,-1.241,0.572,9.7,True,True,2,two resolved 1e waves; radical-anion intermediate stable (K_comp>>1)
tempo_parent,"TEMPO (2,2,6,6-tetramethylpiperidine-1-oxyl)",validation,ox->rad,rad->red,0.473,-1.888,2.361,39.9,True,True,2,two resolved 1e waves; radical-anion intermediate stable (K_comp>>1)
anthraquinone_parent,"9,10-anthraquinone",validation,neu->red1,red1->red2,-1.126,-1.973,0.847,14.3,True,True,2,two resolved 1e waves; radical-anion intermediate stable (K_comp>>1)
ethylviologen,"N-benzyl-N'-ethyl-4,4'-bipyridinium (ethyl viologen)",pyridine-multi-e,ox2->ox1,ox1->neu,-0.687,-1.199,0.512,8.7,True,True,2,two resolved 1e waves; radical-anion intermediate stable (K_comp>>1)
pmdi,N-benzyl-N'-methyl pyromellitic diimide,imide (n-type),neu->red1,red1->red2,-1.128,-1.786,0.658,11.1,True,True,2,two resolved 1e waves; radical-anion intermediate stable (K_comp>>1)
ndi_ammonium,N-benzyl N'-(3-trimethylammoniopropyl) naphthalene diimide,imide (n-type),ox->red1,red1->red2,-0.741,-1.209,0.468,7.9,True,True,2,two resolved 1e waves; radical-anion intermediate stable (K_comp>>1)
mophquinone,"2-(4-benzyloxyphenyl)-1,4-benzoquinone",quinone (n-type),neu->red1,red1->red2,-0.542,-1.494,0.952,16.1,True,True,2,two resolved 1e waves; radical-anion intermediate stable (K_comp>>1)
dmophquinone,"2-(2-methoxy-5-benzyloxyphenyl)-5-methoxy-1,4-benzoquinone",quinone (n-type),neu->red1,red1->red2,-0.538,-1.46,0.922,15.6,True,True,2,two resolved 1e waves; radical-anion intermediate stable (K_comp>>1)
ethylviologen_sa,"ethyl viologen (N,N'-diethyl-4,4'-bipyridinium)",validation,ox2->ox1,ox1->neu,-0.691,-1.243,0.552,9.3,True,True,2,two resolved 1e waves; radical-anion intermediate stable (K_comp>>1)
pmdi_sa,"N,N'-dimethyl pyromellitic diimide",imide (n-type),neu->red1,red1->red2,-1.138,-1.919,0.781,13.2,True,True,2,two resolved 1e waves; radical-anion intermediate stable (K_comp>>1)
ndi_ammonium_sa,N-methyl-N'-(3-trimethylammoniopropyl) naphthalene diimide,imide (n-type),ox->red1,red1->red2,-0.788,-1.241,0.453,7.7,True,True,2,two resolved 1e waves; radical-anion intermediate stable (K_comp>>1)
mophquinone_sa,"2-(4-methoxyphenyl)-1,4-benzoquinone (xlsx / D3TaLES)",quinone (n-type),neu->red1,red1->red2,-0.574,-1.667,1.093,18.5,True,True,2,two resolved 1e waves; radical-anion intermediate stable (K_comp>>1)
dmophquinone_sa,"2-(2,5-dimethoxyphenyl)-5-methoxy-1,4-benzoquinone (xlsx / D3TaLES)",quinone (n-type),neu->red1,red1->red2,-0.625,-1.654,1.029,17.4,True,True,2,two resolved 1e waves; radical-anion intermediate stable (K_comp>>1)
bisviologen,"N,N'-bis(benzyl)-4,4'-bipyridinium (bis-tethered viologen)",pyridine-multi-e,ox2->ox1,ox1->neu,-0.679,-1.191,0.512,8.7,True,True,2,two resolved 1e waves; radical-anion intermediate stable (K_comp>>1)
aq_benzyloxy,2-(benzyloxy)anthraquinone,quinone (n-type),neu->red1,red1->red2,-1.14,-1.77,0.63,10.6,True,True,2,two resolved 1e waves; radical-anion intermediate stable (K_comp>>1)
nq_benzyloxy,"2-(benzyloxy)-1,4-naphthoquinone (from lawsone)",quinone (n-type),neu->red1,red1->red2,-0.815,-1.605,0.79,13.4,True,True,2,two resolved 1e waves; radical-anion intermediate stable (K_comp>>1)
aq_benzylamino,2-(benzylamino)anthraquinone (repaired 9-aminoanthracene route),quinone (n-type),neu->red1,red1->red2,-1.174,-1.959,0.785,13.3,True,True,2,two resolved 1e waves; radical-anion intermediate stable (K_comp>>1)
aq_benzyloxy_sa,2-methoxyanthraquinone,quinone (n-type),neu->red1,red1->red2,-1.142,-1.99,0.848,14.3,True,True,2,two resolved 1e waves; radical-anion intermediate stable (K_comp>>1)
nq_benzyloxy_sa,"2-methoxy-1,4-naphthoquinone",quinone (n-type),neu->red1,red1->red2,-1.077,-1.777,0.7,11.8,True,True,2,two resolved 1e waves; radical-anion intermediate stable (K_comp>>1)
aq_benzylamino_sa,2-(methylamino)anthraquinone,quinone (n-type),neu->red1,red1->red2,-1.228,-2.119,0.891,15.1,True,True,2,two resolved 1e waves; radical-anion intermediate stable (K_comp>>1)
bm_1_4_benzoquinone,"1,4-benzoquinone",validation,neu->red1,red1->red2,-0.578,-1.7,1.122,19.0,True,True,2,two resolved 1e waves; radical-anion intermediate stable (K_comp>>1)
bm_2_methyl_1_4_benzoquinone,"2-methyl-1,4-benzoquinone",validation,neu->red1,red1->red2,-0.662,-1.751,1.089,18.4,True,True,2,two resolved 1e waves; radical-anion intermediate stable (K_comp>>1)
bm_2_tert_butyl_1_4_benzoquinone,"2-tert-butyl-1,4-benzoquinone",validation,neu->red1,red1->red2,-0.671,-1.759,1.088,18.4,True,True,2,two resolved 1e waves; radical-anion intermediate stable (K_comp>>1)
bm_2_fluoro_1_4_benzoquinone,"2-fluoro-1,4-benzoquinone",validation,neu->red1,red1->red2,-0.438,-1.582,1.144,19.3,True,True,2,two resolved 1e waves; radical-anion intermediate stable (K_comp>>1)
bm_1_hydroxy_9_10_anthraquinone,"1-hydroxy-9,10-anthraquinone",validation,neu->red1,red1->red2,-0.95,-1.622,0.672,11.4,True,True,2,two resolved 1e waves; radical-anion intermediate stable (K_comp>>1)
bm_1_4_dihydroxy_9_10_anthraquinone_quinizarin,"1,4-dihydroxy-9,10-anthraquinone (quinizarin)",validation,neu->red1,red1->red2,-0.85,-1.541,0.691,11.7,True,True,2,two resolved 1e waves; radical-anion intermediate stable (K_comp>>1)
bm_1_amino_9_10_anthraquinone,"1-amino-9,10-anthraquinone",validation,neu->red1,red1->red2,-1.187,-1.942,0.755,12.8,True,True,2,two resolved 1e waves; radical-anion intermediate stable (K_comp>>1)
bm_1_4_diamino_9_10_anthraquinone,"1,4-diamino-9,10-anthraquinone",validation,neu->red1,red1->red2,-1.336,-1.959,0.623,10.5,True,True,2,two resolved 1e waves; radical-anion intermediate stable (K_comp>>1)
bm_1_amino_4_hydroxy_9_10_anthraquinone,"1-amino-4-hydroxy-9,10-anthraquinone",validation,neu->red1,red1->red2,-1.088,-1.72,0.632,10.7,True,True,2,two resolved 1e waves; radical-anion intermediate stable (K_comp>>1)
bm_1_4_naphthoquinone,"1,4-naphthoquinone",validation,neu->red1,red1->red2,-0.807,-1.801,0.994,16.8,True,True,2,two resolved 1e waves; radical-anion intermediate stable (K_comp>>1)
bm_1_2_naphthoquinone,"1,2-naphthoquinone",validation,neu->red1,red1->red2,-0.709,-1.765,1.056,17.9,True,True,2,two resolved 1e waves; radical-anion intermediate stable (K_comp>>1)
bm_5_hydroxy_1_4_naphthoquinone_juglone,"5-hydroxy-1,4-naphthoquinone (juglone)",validation,neu->red1,red1->red2,-0.623,-1.406,0.783,13.2,True,True,2,two resolved 1e waves; radical-anion intermediate stable (K_comp>>1)
bm_5_8_dihydroxy_1_4_naphthoquinone_naphthazarin,"5,8-dihydroxy-1,4-naphthoquinone (naphthazarin)",validation,neu->red1,red1->red2,-0.515,-1.301,0.786,13.3,True,True,2,two resolved 1e waves; radical-anion intermediate stable (K_comp>>1)
bm_n_n_diisopropylpyromellitic_diimide,"N,N'-diisopropylpyromellitic diimide",validation,neu->red1,red1->red2,-1.176,-1.958,0.782,13.2,True,True,2,two resolved 1e waves; radical-anion intermediate stable (K_comp>>1)
bm_n_n_bis_2_methoxyethyl_pyromellitic_diimide,"N,N'-bis(2-methoxyethyl)pyromellitic diimide",validation,neu->red1,red1->red2,-1.143,-1.937,0.794,13.4,True,True,2,two resolved 1e waves; radical-anion intermediate stable (K_comp>>1)
bm_n_n_bis_2_2_methoxyethoxy_ethyl_pyromellitic_diimide,"N,N'-bis[2-(2-methoxyethoxy)ethyl]pyromellitic diimide",validation,neu->red1,red1->red2,-1.276,-1.945,0.669,11.3,True,True,2,two resolved 1e waves; radical-anion intermediate stable (K_comp>>1)
bm_1_benzyl_1_methyl_4_4_bipyridinium,"1-benzyl-1'-methyl-4,4'-bipyridinium",validation,ox2->ox1,ox1->neu,-0.66,-1.206,0.546,9.2,True,True,2,two resolved 1e waves; radical-anion intermediate stable (K_comp>>1)
d3_80izcq,"4-{2-[4-(benzyloxy)phenyl]propan-2-yl}-1,2-benzoquinone",quinone (n-type),neu->red1,red1->red2,-0.48,-3.301,2.821,47.7,True,False,1,"2nd e- at -3.30 V is outside window [-3.0,2.0] -> effectively 1e usable capacity"
d3_05stji,"2-(benzylamino)-1,4-naphthoquinone",quinone (n-type),neu->red1,red1->red2,-1.034,-1.792,0.758,12.8,True,True,2,two resolved 1e waves; radical-anion intermediate stable (K_comp>>1)
