sys,charge_ox,exp,calc,imp_dft,err,err_impdft
1,1,1.0,1.503,1.022,0.503,0.022
2,1,1.01,1.488,0.973,0.478,-0.037
3,1,1.2,1.604,0.974,0.404,-0.226
4,1,1.43,1.662,1.36,0.232,-0.07
5,1,1.58,1.763,1.42,0.183,-0.16
6,1,1.58,1.75,1.446,0.17,-0.134
7,1,1.63,2.059,1.586,0.429,-0.044
8,1,1.72,1.891,1.617,0.171,-0.103
9,1,0.51,1.398,0.938,0.888,0.428
10,1,0.51,0.953,0.434,0.443,-0.076
11,1,0.6,0.993,0.499,0.393,-0.101
12,1,0.79,1.076,0.518,0.286,-0.272
13,1,0.85,1.28,0.878,0.43,0.028
14,1,0.84,1.132,0.63,0.292,-0.21
15,1,0.9,1.638,0.982,0.738,0.082
17,1,0.95,1.226,0.781,0.276,-0.169
18,1,0.96,1.399,0.865,0.439,-0.095
19,1,1.0,1.292,0.844,0.292,-0.156
20,1,1.0,1.276,0.709,0.276,-0.291
21,1,1.01,1.238,0.786,0.228,-0.224
22,1,1.02,1.435,0.866,0.415,-0.154
23,1,1.02,1.393,0.956,0.373,-0.064
24,1,1.06,1.304,0.862,0.244,-0.198
25,1,1.07,1.35,0.979,0.28,-0.091
26,1,1.09,1.33,0.876,0.24,-0.214
27,1,1.09,1.443,1.044,0.353,-0.046
28,1,1.1,1.383,0.943,0.283,-0.157
29,1,1.11,1.468,1.034,0.358,-0.076
30,1,1.11,1.414,1.184,0.304,0.074
31,1,1.25,1.538,1.153,0.288,-0.097
32,1,1.27,1.585,1.128,0.315,-0.142
33,1,1.28,1.544,1.146,0.264,-0.134
34,1,1.3,1.548,1.254,0.248,-0.046
35,1,1.3,1.542,1.156,0.242,-0.144
36,1,1.3,1.411,1.198,0.111,-0.102
37,1,1.33,1.642,1.199,0.312,-0.131
38,1,1.34,1.255,0.869,-0.085,-0.471
39,1,1.34,1.442,1.242,0.102,-0.098
40,1,1.46,1.625,1.393,0.165,-0.067
41,1,1.58,1.662,1.401,0.082,-0.179
42,1,1.68,1.71,1.486,0.03,-0.194
43,1,1.73,1.692,1.494,-0.038,-0.236
44,1,1.86,1.807,1.621,-0.053,-0.239
45,1,0.5,1.098,0.579,0.598,0.079
46,1,0.53,1.015,0.541,0.485,0.011
47,1,0.71,1.139,0.718,0.429,0.008
48,1,0.76,1.291,0.76,0.531,0.0
49,1,0.77,1.248,0.748,0.478,-0.022
50,1,0.79,1.269,0.848,0.479,0.058
51,1,0.99,1.611,1.169,0.621,0.179
52,1,1.05,1.696,1.242,0.646,0.192
53,1,1.44,2.022,1.614,0.582,0.174
54,1,0.66,0.941,0.506,0.281,-0.154
55,1,0.68,1.262,0.758,0.582,0.078
56,1,0.79,1.091,0.644,0.301,-0.146
57,1,0.83,1.141,0.67,0.311,-0.16
58,1,0.86,1.425,0.981,0.565,0.121
59,1,0.87,1.219,0.893,0.349,0.023
60,1,1.17,1.496,1.097,0.326,-0.073
61,1,1.24,1.806,1.074,0.566,-0.166
62,1,1.86,2.065,1.547,0.205,-0.313
63,1,-0.32,0.06,-0.39,0.38,-0.07
64,1,-0.16,0.378,-0.069,0.538,0.091
65,1,-0.1,0.2,-0.246,0.3,-0.146
66,1,0.1,0.654,0.163,0.554,0.063
67,1,0.17,0.668,0.235,0.498,0.065
68,1,0.19,0.583,0.199,0.393,0.009
69,1,0.2,0.67,0.258,0.47,0.058
70,1,0.22,0.872,0.389,0.652,0.169
71,1,0.24,0.645,0.116,0.405,-0.124
72,1,0.25,0.875,0.549,0.625,0.299
73,1,0.28,0.857,0.253,0.577,-0.027
74,1,0.3,0.973,0.611,0.673,0.311
75,1,0.31,0.872,0.402,0.562,0.092
76,1,0.45,0.941,0.524,0.491,0.074
77,1,0.64,1.017,0.506,0.377,-0.134
78,1,0.51,1.157,0.738,0.647,0.228
79,1,0.52,1.353,0.937,0.833,0.417
80,1,0.64,1.541,1.078,0.901,0.438
81,1,0.69,1.405,0.912,0.715,0.222
82,1,0.8,1.488,1.143,0.688,0.343
83,1,0.8,1.366,1.055,0.566,0.255
84,1,0.82,1.657,1.293,0.837,0.473
85,1,0.87,1.657,1.276,0.787,0.406
86,1,0.92,1.7,1.199,0.78,0.279
87,1,1.38,2.08,1.835,0.7,0.455
88,1,0.17,1.291,0.837,1.121,0.667
89,1,0.27,0.822,0.291,0.552,0.021
90,1,0.31,1.14,0.745,0.83,0.435
91,1,0.33,0.878,0.307,0.548,-0.023
92,1,0.39,1.585,1.196,1.195,0.806
93,1,0.4,0.976,0.469,0.576,0.069
94,1,0.4,1.052,0.748,0.652,0.348
95,1,0.43,1.671,1.24,1.241,0.81
96,1,0.51,1.599,1.361,1.089,0.851
97,1,0.52,1.123,0.628,0.603,0.108
98,1,0.98,1.597,1.194,0.617,0.214
99,1,1.09,1.448,1.142,0.358,0.052
100,1,1.1,1.594,1.174,0.494,0.074
101,1,1.3,1.661,1.397,0.361,0.097
102,1,1.5,1.859,1.507,0.359,0.007
103,1,1.57,2.098,1.866,0.528,0.296
104,0,-3.12,-1.218,-1.444,1.902,1.676
105,0,-2.57,-0.777,-1.237,1.793,1.333
108,0,-2.56,-1.811,-1.422,0.749,1.138
110,0,-2.1,-1.085,-1.262,1.015,0.838
111,0,-1.87,-1.268,-1.804,0.602,0.066
112,0,-1.7,-1.148,-1.182,0.552,0.518
113,0,-1.26,-0.87,-0.903,0.39,0.357
117,1,1.86,2.267,1.904,0.407,0.044
118,1,1.97,2.25,1.986,0.28,0.016
119,0,-2.92,-2.911,-3.69,0.009,-0.77
120,0,-2.88,-2.953,-3.703,-0.073,-0.823
121,0,-2.58,-2.142,-2.739,0.438,-0.159
122,0,-2.57,-2.05,-2.666,0.52,-0.096
123,0,-2.49,-1.954,-2.485,0.536,0.005
124,0,-2.37,-1.97,-2.498,0.4,-0.128
125,0,-2.36,-1.98,-2.468,0.38,-0.108
126,0,-2.3,-1.729,-2.21,0.571,0.09
127,0,-2.06,-1.534,-1.98,0.526,0.08
128,0,-1.5,-1.015,-1.379,0.485,0.121
129,1,1.31,1.874,1.54,0.564,0.23
130,1,1.42,1.756,1.443,0.336,0.023
131,0,-2.65,-2.042,-2.652,0.608,-0.002
132,0,-2.55,-2.006,-2.614,0.544,-0.064
133,0,-2.54,-2.01,-2.573,0.53,-0.033
134,0,-2.52,-1.976,-2.593,0.544,-0.073
135,1,0.33,0.855,0.164,0.525,-0.166
136,1,0.86,1.287,0.786,0.427,-0.074
137,1,0.88,1.358,0.809,0.478,-0.071
138,1,1.0,1.4,0.989,0.4,-0.011
139,1,1.03,1.419,0.925,0.389,-0.105
140,1,1.22,1.832,1.303,0.612,0.083
141,0,-2.97,-3.062,-3.857,-0.092,-0.887
142,0,-2.8,-2.328,-2.914,0.472,-0.114
143,0,-2.77,-2.279,-2.791,0.491,-0.021
144,0,-2.75,-2.233,-2.839,0.517,-0.089
145,0,-2.55,-2.136,-2.659,0.414,-0.109
146,0,-2.55,-2.137,-2.617,0.413,-0.067
147,0,-2.53,-2.107,-2.638,0.423,-0.108
149,0,-2.38,-1.906,-2.356,0.474,0.024
150,0,-1.57,-1.084,-1.48,0.486,0.09
151,1,2.02,2.329,1.89,0.309,-0.13
155,1,0.91,1.555,1.092,0.645,0.182
156,1,1.62,1.997,1.796,0.377,0.176
157,1,1.94,2.147,1.866,0.207,-0.074
158,0,-3.07,-2.385,-3.064,0.685,0.006
159,0,-2.98,-2.402,-3.031,0.578,-0.051
160,0,-2.93,-2.312,-2.984,0.618,-0.054
161,0,-2.77,-3.456,-4.191,-0.686,-1.421
162,0,-2.54,-1.992,-2.513,0.548,0.027
163,0,-2.36,-1.767,-2.252,0.593,0.108
164,0,-2.34,-1.738,-2.259,0.602,0.081
165,0,-2.28,-1.672,-2.17,0.608,0.11
166,0,-2.09,-0.625,0.392,1.465,2.482
167,0,-2.01,-0.619,0.485,1.391,2.495
168,0,-1.98,-1.475,-1.88,0.505,0.1
169,0,-1.84,-1.77,-2.09,0.07,-0.25
170,0,-1.65,-2.205,-2.532,-0.555,-0.882
171,0,-1.62,-1.032,-1.438,0.588,0.182
172,0,-1.15,-0.386,0.851,0.764,2.001
173,0,-1.09,-0.475,0.813,0.615,1.903
174,0,-0.84,-1.676,-1.702,-0.836,-0.862
176,1,0.07,1.856,1.32,1.786,1.25
177,1,0.37,1.738,1.424,1.368,1.054
179,0,-0.91,-0.714,-0.388,0.196,0.522
189,0,-1.79,-1.269,-1.861,0.521,-0.071
191,-1,-0.93,-0.284,-1.605,0.646,-0.675
192,2,0.02,1.173,1.309,1.153,1.289
