id,couple,q_ox,q_red,lambda_i_eV,lambda_i_meV,lambda_i_kJmol,relax_ox_meV,relax_red_meV,rmsd_A,rmsd_naive_A,rmsd_is_sym_aware,anion_homo_eV,flag,d3tales_lambda_eV,d3tales_type
anthraquinone,neu->red1,0,-1,0.4253,425.3,41.03,270.975,154.312,1.316,1.388,True,-1.749,conformer_jump,,
anthraquinone,red1->red2,-1,-2,0.3657,365.7,35.28,162.694,202.969,0.375,0.375,True,2.366,anion_unbound,,
anthraquinone_parent,neu->red1,0,-1,0.3776,377.6,36.43,275.234,102.333,0.022,0.022,True,-1.737,,0.3035,electron
anthraquinone_parent,red1->red2,-1,-2,0.3243,324.3,31.29,192.542,131.769,0.025,0.025,True,2.568,anion_unbound,,
aq_benzylamino,neu->red1,0,-1,0.4242,424.2,40.93,267.083,157.121,1.779,1.779,True,-1.589,conformer_jump,,
aq_benzylamino,red1->red2,-1,-2,0.3242,324.2,31.28,204.492,119.67,1.967,1.967,True,2.461,conformer_jump+anion_unbound,,
aq_benzylamino_sa,neu->red1,0,-1,0.3822,382.2,36.87,262.179,119.985,0.021,0.021,True,-1.555,,,
aq_benzylamino_sa,red1->red2,-1,-2,0.3518,351.8,33.95,185.813,166.03,0.483,0.483,True,2.645,conformer_jump+anion_unbound,,
aq_benzyloxy,neu->red1,0,-1,0.391,391.0,37.73,260.935,130.078,0.064,0.064,True,-1.723,,,
aq_benzyloxy,red1->red2,-1,-2,0.3518,351.8,33.94,190.606,161.171,1.916,2.043,True,2.427,conformer_jump+anion_unbound,,
aq_benzyloxy_sa,neu->red1,0,-1,0.3907,390.7,37.7,266.0,124.703,0.02,0.02,True,-1.714,,,
aq_benzyloxy_sa,red1->red2,-1,-2,0.3396,339.6,32.76,185.055,154.498,0.024,0.024,True,2.531,anion_unbound,,
bisviologen,ox2->ox1,2,1,0.5544,554.4,53.49,337.689,216.719,0.257,1.275,True,-8.534,,,
bisviologen,ox1->neu,1,0,0.3966,396.6,38.26,178.09,218.479,2.367,2.367,True,-4.741,conformer_jump,,
cyanopyridinium,ox->red,1,0,0.3574,357.4,34.48,245.378,112.007,0.156,0.156,True,-5.809,,,
dmophquinone,neu->red1,0,-1,0.5713,571.3,55.13,315.041,256.294,0.146,0.146,True,-2.147,,,
dmophquinone,red1->red2,-1,-2,0.5013,501.3,48.37,185.04,316.302,0.122,0.122,True,2.323,anion_unbound,,
dmophquinone_sa,neu->red1,0,-1,0.6691,669.1,64.56,340.029,329.061,1.082,1.082,True,-2.018,conformer_jump,0.4587,electron
dmophquinone_sa,red1->red2,-1,-2,0.5081,508.1,49.02,183.885,324.174,1.246,1.246,True,2.41,conformer_jump+anion_unbound,,
dtbc_phenol,ox->neu,1,0,0.8456,845.6,81.58,359.192,486.368,1.53,1.927,True,-7.256,conformer_jump,,
dtbc_phenol_sa,ox->neu,1,0,0.9494,949.4,91.6,464.505,484.873,0.334,1.055,True,-7.325,,,
ethylviologen,ox2->ox1,2,1,0.5458,545.8,52.66,317.496,228.263,0.611,1.13,True,-8.654,conformer_jump,,
ethylviologen,ox1->neu,1,0,0.4357,435.7,42.04,180.599,255.085,0.587,0.587,True,-4.745,conformer_jump,,
ethylviologen_sa,ox2->ox1,2,1,0.5542,554.2,53.48,314.5,239.741,0.272,0.273,True,-8.757,,,
ethylviologen_sa,ox1->neu,1,0,0.3718,371.8,35.87,161.654,210.148,0.678,1.375,True,-4.744,conformer_jump,,
ferrocene,ox->neu,1,0,0.0847,84.7,8.17,58.339,26.364,0.081,0.081,True,-8.351,,,
methyl_viologen,ox2->ox1,2,1,0.5401,540.1,52.12,306.765,233.377,0.252,0.252,True,-8.896,,,
methyl_viologen,ox1->neu,1,0,0.37,370.0,35.69,161.154,208.796,0.059,1.281,True,-4.789,,,
methylpyridinium,ox->red,1,0,0.3776,377.6,36.44,250.041,127.596,0.045,0.045,True,-4.936,,,
mophquinone,neu->red1,0,-1,0.5235,523.5,50.51,340.007,183.501,0.063,1.01,True,-2.176,,,
mophquinone,red1->red2,-1,-2,0.4427,442.7,42.71,210.45,232.202,0.683,1.148,True,2.491,conformer_jump+anion_unbound,,
mophquinone_sa,neu->red1,0,-1,0.5221,522.1,50.37,343.891,178.207,0.059,0.059,True,-2.159,,0.8716,electron
mophquinone_sa,red1->red2,-1,-2,0.4437,443.7,42.81,216.706,227.015,0.76,1.005,True,2.562,conformer_jump+anion_unbound,,
ndi_ammonium,ox->red1,1,0,0.3546,354.6,34.21,241.985,112.566,0.123,2.622,True,-4.728,,,
ndi_ammonium,red1->red2,0,-1,0.5478,547.8,52.86,20.146,527.668,0.799,1.065,True,-1.105,conformer_jump,,
ndi_ammonium_sa,ox->red1,1,0,0.6012,601.2,58.01,260.014,341.208,0.629,0.629,True,-4.69,conformer_jump,,
ndi_ammonium_sa,red1->red2,0,-1,0.385,385.0,37.15,83.078,301.94,0.508,2.46,True,-1.244,conformer_jump,,
nq_benzyloxy,neu->red1,0,-1,0.5538,553.8,53.43,323.809,229.982,0.955,1.037,True,-1.965,conformer_jump,,
nq_benzyloxy,red1->red2,-1,-2,0.503,503.0,48.53,173.663,329.366,0.905,0.905,True,2.438,conformer_jump+anion_unbound,,
nq_benzyloxy_sa,neu->red1,0,-1,0.6797,679.7,65.58,497.183,182.518,0.492,0.492,True,-1.712,conformer_jump,1.126,electron
nq_benzyloxy_sa,red1->red2,-1,-2,0.4629,462.9,44.67,189.866,273.063,0.439,0.439,True,2.689,conformer_jump+anion_unbound,,
phenothiazine,ox->neu,1,0,0.4297,429.7,41.46,231.449,198.269,0.186,0.186,True,-6.834,,,
phenothiazine_parent,ox->neu,1,0,0.5172,517.2,49.9,332.0,185.23,0.32,0.328,True,-6.838,,,
pmdi,neu->red1,0,-1,0.4654,465.4,44.91,309.442,155.979,0.021,0.021,True,-2.065,,,
pmdi,red1->red2,-1,-2,0.4607,460.7,44.45,247.987,212.716,0.669,2.215,True,1.995,conformer_jump+anion_unbound,,
pmdi_sa,neu->red1,0,-1,0.4629,462.9,44.67,316.382,146.541,0.021,0.021,True,-1.99,,,
pmdi_sa,red1->red2,-1,-2,0.4192,419.2,40.45,209.224,209.972,0.021,0.021,True,2.186,anion_unbound,,
pyridinium,ox->red,1,0,0.4109,410.9,39.65,287.626,123.303,0.339,0.339,True,-4.876,,,
tempo,ox->rad,1,0,0.9563,956.3,92.27,548.774,407.559,0.148,0.148,True,-6.917,,,
tempo,rad->red,0,-1,1.3727,1372.7,132.44,664.38,708.281,1.453,1.617,True,-0.413,conformer_jump,,
tempo_parent,ox->rad,1,0,0.9676,967.6,93.36,534.587,433.014,0.195,1.219,True,-6.845,,0.9432,hole
tempo_parent,rad->red,0,-1,1.3044,1304.4,125.85,599.351,705.035,0.116,1.174,True,-0.248,,1.483,electron
viologen,ox2->ox1,2,1,0.5496,549.6,53.03,316.402,233.234,0.278,0.278,True,-8.708,,,
viologen,ox1->neu,1,0,0.3892,389.2,37.55,184.477,204.744,0.372,0.372,True,-4.764,,,
