id,name,family,batch,chem_flag,rankable,status,role,pool,resting_state,path,path_stop,n_accessible,E_V,E_anolyte_V,E_catholyte_V,sigma_E_V,specific_capacity_mAh_g,MW,MW_repeat_unit,capacity_repeat_mAh_g,capacity_maxload_Li_mAh_g,capacity_maxload_TBA_mAh_g,lambda_i_eV,lambda_i_ox_eV,lambda_i_red_eV,sigma_lambda_eV,lambda_qc,n_lambda_flagged,n_lambda_missing,lambda_flags,lambda_o_pcm_eV,lambda_o_method,lambda_het_eV,sigma_lambda_het_eV,lambda_se_contact_eV,dG_disp_kJmol,disp_applicable,sigma_disp_eV,all_intact_bound,thermal_qc,min_spin_gap_eV,spin_gap_source,spin_confidence,SA_score,dGsolv_proxy_eV,reason
viologen,"N-benzyl-N'-methyl-4,4'-bipyridinium (viologen)",pyridine-multi-e,starting,,True,candidate,anolyte,anolyte,ox2,ox2->ox1 ; ox1->neu,end of computed ladder,2,-0.944,-0.944,,0.088,193.9,276.4,288.4,185.9,92.7,92.7,0.4694,0.2504,0.219,0.209,ok,0,0,,0.8628,b3lyp/def2-svpd,1.0975,0.318,1.3322,51.0,True,0.288,True,ok,1.3153,uma:neu,ok,2.55,-0.892,
ethylviologen,"N-benzyl-N'-ethyl-4,4'-bipyridinium (ethyl viologen)",pyridine-multi-e,starting,,True,candidate,anolyte,anolyte,ox2,ox2->ox1 ; ox1->neu,end of computed ladder,2,-0.943,-0.943,,0.088,184.6,290.4,302.4,177.2,90.5,90.5,,,,,all_flagged,2,0,conformer_jump,,,,,,49.4,True,0.288,True,ok,1.3246,uma:neu,ok,2.59,-0.882,
pmdi,N-benzyl-N'-methyl pyromellitic diimide,imide (n-type),starting,,True,candidate,anolyte,anolyte,neu,neu->red1 ; red1->red2,end of computed ladder,2,-1.457,-1.457,,0.139,160.3,334.3,346.3,154.8,148.8,64.5,0.4654,0.3094,0.156,0.209,partial,1,0,conformer_jump+anion_unbound,0.8673,b3lyp/def2-svpd,1.1,0.318,1.3327,63.5,True,0.288,True,ok,0.4073,uma:red2,ok,2.24,-0.879,
ndi_ammonium,N-benzyl N'-(3-trimethylammoniopropyl) naphthalene diimide,imide (n-type),starting,,True,candidate,anolyte,anolyte,ox,ox->red1 ; red1->red2,end of computed ladder,2,-0.975,-0.975,,0.139,113.9,470.5,482.6,111.1,85.4,73.9,0.3546,0.242,0.1126,0.209,partial,1,0,conformer_jump,0.7949,b3lyp/def2-svpd,0.9722,0.318,1.1495,45.2,True,0.288,True,ok,0.9561,uma:red2,ok,2.63,-2.431,
mophquinone,"2-(4-benzyloxyphenyl)-1,4-benzoquinone",quinone (n-type),starting,,True,candidate,anolyte,anolyte,neu,neu->red1 ; red1->red2,end of computed ladder,2,-1.018,-1.018,,0.298,176.1,304.3,316.4,169.4,162.3,66.9,0.5235,0.34,0.1835,0.209,partial,1,0,conformer_jump+anion_unbound,0.9482,b3lyp/def2-svpd,1.21,0.318,1.4717,91.8,True,0.288,True,imag_modes,0.4122,uma:red2,ok,2.04,-0.856,
dmophquinone,"2-(2-methoxy-5-benzyloxyphenyl)-5-methoxy-1,4-benzoquinone",quinone (n-type),starting,,True,candidate,anolyte,anolyte,neu,neu->red1 ; red1->red2,end of computed ladder,2,-0.999,-0.999,,0.298,147.1,364.4,376.4,142.4,137.3,62.2,0.5713,0.315,0.2563,0.209,partial,1,0,anion_unbound,0.9026,b3lyp/def2-svpd,1.1883,0.318,1.4739,89.0,True,0.288,True,imag_modes,0.4821,uma:red2,ok,2.3,-0.829,
bisviologen,"N,N'-bis(benzyl)-4,4'-bipyridinium (bis-tethered viologen)",pyridine-multi-e,merrifield_multi,,True,candidate,anolyte,anolyte,ox2,ox2->ox1 ; ox1->neu,end of computed ladder,2,-0.935,-0.935,,0.088,146.3,366.5,390.5,137.3,78.8,78.8,0.5544,0.3377,0.2167,0.209,partial,1,0,conformer_jump,0.8092,b3lyp/def2-svpd,1.0864,0.318,1.3636,49.3,True,0.288,True,ok,1.2849,uma:neu,ok,2.34,-1.133,
aq_benzyloxy,2-(benzyloxy)anthraquinone,quinone (n-type),merrifield_multi,,True,candidate,anolyte,anolyte,neu,neu->red1 ; red1->red2,end of computed ladder,2,-1.455,-1.455,,0.298,163.2,328.4,340.4,157.5,151.3,64.9,0.391,0.2609,0.1301,0.209,partial,1,0,conformer_jump+anion_unbound,0.8689,b3lyp/def2-svpd,1.0644,0.318,1.2599,60.8,True,0.288,True,imag_modes,0.8134,dft:red2,ok,1.81,-0.784,
nq_benzyloxy,"2-(benzyloxy)-1,4-naphthoquinone (from lawsone)",quinone (n-type),merrifield_multi,,True,candidate,anolyte,anolyte,neu,neu->red1 ; red1->red2,end of computed ladder,2,-1.21,-1.21,,0.298,192.6,278.3,290.3,184.6,176.2,69.1,,,,,all_flagged,2,0,conformer_jump;conformer_jump+anion_unbound,,,,,,76.2,True,0.288,True,imag_modes,0.6743,uma:red2,ok,1.99,-0.701,
dtbc_phenol,"3,5-di-tert-butyl-2-(benzyloxy)phenol (mono-O-benzyl DTBC)",phenol (p-type),merrifield_multi,"1e-only: mono-O-benzyl ether cannot form the o-quinone; sheet's 2e catechol/o-quinone couple is not accessible on the grafted species. ALSO mechanistically out of scope: ArOH-+ is a strong acid (pKa <~ -2 in MeCN), so real phenol oxidation is EC (electron transfer then O-H deprotonation), not a reversible outer-sphere couple.",False,candidate,catholyte,catholyte,neu,ox->neu,end of computed ladder,1,1.042,,1.042,0.256,82.1,326.5,338.5,79.2,55.4,55.4,,,,,all_flagged,1,0,conformer_jump,,,,,,,False,,True,ok,3.2429,uma:neu,ok,2.18,-0.594,
aq_benzylamino,2-(benzylamino)anthraquinone (repaired 9-aminoanthracene route),quinone (n-type),merrifield_multi,regiochemistry repaired: sheet's C9-NH2 tether is destroyed by the anthracene->anthraquinone oxidation (C9 becomes the carbonyl); modelled at C2,True,candidate,anolyte,anolyte,neu,neu->red1 ; red1->red2,end of computed ladder,2,-1.567,-1.567,,0.298,163.7,327.4,339.4,157.9,151.7,65.0,,,,,all_flagged,2,0,conformer_jump;conformer_jump+anion_unbound,,,,,,75.8,True,0.288,True,imag_modes,0.2047,uma:red2,low,1.86,-0.919,
