id,intermediate,q,reaction,dG_disp_eV,dG_disp_kJmol,logK_disp,stable_vs_disprop
anthraquinone,red1,-1,2 red1(q=-1) -> neu(q=+0) + red2(q=-2),0.6872,66.3,-11.62,True
anthraquinone_parent,red1,-1,2 red1(q=-1) -> neu(q=+0) + red2(q=-2),0.8466,81.7,-14.31,True
aq_benzylamino,red1,-1,2 red1(q=-1) -> neu(q=+0) + red2(q=-2),0.7853,75.8,-13.27,True
aq_benzylamino_sa,red1,-1,2 red1(q=-1) -> neu(q=+0) + red2(q=-2),0.8907,85.9,-15.06,True
aq_benzyloxy,red1,-1,2 red1(q=-1) -> neu(q=+0) + red2(q=-2),0.6299,60.8,-10.65,True
aq_benzyloxy_sa,red1,-1,2 red1(q=-1) -> neu(q=+0) + red2(q=-2),0.8479,81.8,-14.33,True
bisviologen,ox1,1,2 ox1(q=+1) -> ox2(q=+2) + neu(q=+0),0.5113,49.3,-8.64,True
bm_1_2_naphthoquinone,red1,-1,2 red1(q=-1) -> neu(q=+0) + red2(q=-2),1.0555,101.8,-17.84,True
bm_1_4_benzoquinone,red1,-1,2 red1(q=-1) -> neu(q=+0) + red2(q=-2),1.1222,108.3,-18.97,True
bm_1_4_diamino_9_10_anthraquinone,red1,-1,2 red1(q=-1) -> neu(q=+0) + red2(q=-2),0.6226,60.1,-10.52,True
bm_1_4_dihydroxy_9_10_anthraquinone_quinizarin,red1,-1,2 red1(q=-1) -> neu(q=+0) + red2(q=-2),0.6908,66.6,-11.68,True
bm_1_4_naphthoquinone,red1,-1,2 red1(q=-1) -> neu(q=+0) + red2(q=-2),0.9938,95.9,-16.8,True
bm_1_amino_4_hydroxy_9_10_anthraquinone,red1,-1,2 red1(q=-1) -> neu(q=+0) + red2(q=-2),0.6323,61.0,-10.69,True
bm_1_amino_9_10_anthraquinone,red1,-1,2 red1(q=-1) -> neu(q=+0) + red2(q=-2),0.755,72.9,-12.76,True
bm_1_benzyl_1_methyl_4_4_bipyridinium,ox1,1,2 ox1(q=+1) -> ox2(q=+2) + neu(q=+0),0.5456,52.6,-9.22,True
bm_1_hydroxy_9_10_anthraquinone,red1,-1,2 red1(q=-1) -> neu(q=+0) + red2(q=-2),0.672,64.8,-11.36,True
bm_2_fluoro_1_4_benzoquinone,red1,-1,2 red1(q=-1) -> neu(q=+0) + red2(q=-2),1.1442,110.4,-19.34,True
bm_2_methyl_1_4_benzoquinone,red1,-1,2 red1(q=-1) -> neu(q=+0) + red2(q=-2),1.0891,105.1,-18.41,True
bm_2_tert_butyl_1_4_benzoquinone,red1,-1,2 red1(q=-1) -> neu(q=+0) + red2(q=-2),1.0882,105.0,-18.39,True
bm_5_8_dihydroxy_1_4_naphthoquinone_naphthazarin,red1,-1,2 red1(q=-1) -> neu(q=+0) + red2(q=-2),0.7861,75.8,-13.29,True
bm_5_hydroxy_1_4_naphthoquinone_juglone,red1,-1,2 red1(q=-1) -> neu(q=+0) + red2(q=-2),0.7833,75.6,-13.24,True
bm_n_n_bis_2_2_methoxyethoxy_ethyl_pyromellitic_diimide,red1,-1,2 red1(q=-1) -> neu(q=+0) + red2(q=-2),0.6689,64.5,-11.31,True
bm_n_n_bis_2_methoxyethyl_pyromellitic_diimide,red1,-1,2 red1(q=-1) -> neu(q=+0) + red2(q=-2),0.7945,76.7,-13.43,True
bm_n_n_diisopropylpyromellitic_diimide,red1,-1,2 red1(q=-1) -> neu(q=+0) + red2(q=-2),0.7821,75.5,-13.22,True
dmophquinone,red1,-1,2 red1(q=-1) -> neu(q=+0) + red2(q=-2),0.9221,89.0,-15.59,True
dmophquinone_sa,red1,-1,2 red1(q=-1) -> neu(q=+0) + red2(q=-2),1.0289,99.3,-17.39,True
ethylviologen,ox1,1,2 ox1(q=+1) -> ox2(q=+2) + neu(q=+0),0.5123,49.4,-8.66,True
ethylviologen_sa,ox1,1,2 ox1(q=+1) -> ox2(q=+2) + neu(q=+0),0.5518,53.2,-9.33,True
methyl_viologen,ox1,1,2 ox1(q=+1) -> ox2(q=+2) + neu(q=+0),0.5722,55.2,-9.67,True
mophquinone,red1,-1,2 red1(q=-1) -> neu(q=+0) + red2(q=-2),0.9517,91.8,-16.09,True
mophquinone_sa,red1,-1,2 red1(q=-1) -> neu(q=+0) + red2(q=-2),1.0932,105.5,-18.48,True
ndi_ammonium,red1,0,2 red1(q=+0) -> ox(q=+1) + red2(q=-1),0.4683,45.2,-7.92,True
ndi_ammonium_sa,red1,0,2 red1(q=+0) -> ox(q=+1) + red2(q=-1),0.4527,43.7,-7.65,True
nq_benzyloxy,red1,-1,2 red1(q=-1) -> neu(q=+0) + red2(q=-2),0.7902,76.2,-13.36,True
nq_benzyloxy_sa,red1,-1,2 red1(q=-1) -> neu(q=+0) + red2(q=-2),0.6999,67.5,-11.83,True
pmdi,red1,-1,2 red1(q=-1) -> neu(q=+0) + red2(q=-2),0.6578,63.5,-11.12,True
pmdi_sa,red1,-1,2 red1(q=-1) -> neu(q=+0) + red2(q=-2),0.7807,75.3,-13.2,True
tempo,rad,0,2 rad(q=+0) -> ox(q=+1) + red(q=-1),2.2237,214.6,-37.59,True
tempo_parent,rad,0,2 rad(q=+0) -> ox(q=+1) + red(q=-1),2.3604,227.7,-39.9,True
viologen,ox1,1,2 ox1(q=+1) -> ox2(q=+2) + neu(q=+0),0.529,51.0,-8.94,True
