id,couple,q_ox,q_red,EA_solv_eV,d_bonds,rmsd_heavy_A,intact_bound,verdict
anthraquinone,neu->red1,0,-1,3.207,0,1.388,True,intact_bound
anthraquinone,red1->red2,-1,-2,2.313,0,0.375,True,intact_bound
anthraquinone_parent,neu->red1,0,-1,3.184,0,0.022,True,intact_bound
anthraquinone_parent,red1->red2,-1,-2,2.311,0,0.025,True,intact_bound
aq_benzylamino,neu->red1,0,-1,3.032,0,1.779,True,intact_bound
aq_benzylamino,red1->red2,-1,-2,2.226,0,1.967,True,intact_bound
aq_benzylamino_sa,neu->red1,0,-1,3.065,0,0.021,True,intact_bound
aq_benzylamino_sa,red1->red2,-1,-2,2.166,0,0.483,True,intact_bound
aq_benzyloxy,neu->red1,0,-1,3.166,0,0.064,True,intact_bound
aq_benzyloxy,red1->red2,-1,-2,2.281,0,2.043,True,intact_bound
aq_benzyloxy_sa,neu->red1,0,-1,3.162,0,0.02,True,intact_bound
aq_benzyloxy_sa,red1->red2,-1,-2,2.284,0,0.024,True,intact_bound
bisviologen,ox2->ox1,2,1,3.679,0,1.275,True,intact_bound
bisviologen,ox1->neu,1,0,3.109,0,2.367,True,intact_bound
bm_10_methylphenothiazine,ox->neu,1,0,5.008,0,0.251,True,intact_bound
bm_1_2_naphthoquinone,neu->red1,0,-1,3.613,0,0.029,True,intact_bound
bm_1_2_naphthoquinone,red1->red2,-1,-2,2.523,0,0.023,True,intact_bound
bm_1_4_benzoquinone,neu->red1,0,-1,3.759,0,0.043,True,intact_bound
bm_1_4_benzoquinone,red1->red2,-1,-2,2.607,0,0.045,True,intact_bound
bm_1_4_diamino_9_10_anthraquinone,neu->red1,0,-1,2.952,0,0.043,True,intact_bound
bm_1_4_diamino_9_10_anthraquinone,red1->red2,-1,-2,2.352,0,0.06,True,intact_bound
bm_1_4_dihydroxy_9_10_anthraquinone_quinizarin,neu->red1,0,-1,3.445,0,0.019,True,intact_bound
bm_1_4_dihydroxy_9_10_anthraquinone_quinizarin,red1->red2,-1,-2,2.703,0,0.022,True,intact_bound
bm_1_4_naphthoquinone,neu->red1,0,-1,3.519,0,0.031,True,intact_bound
bm_1_4_naphthoquinone,red1->red2,-1,-2,2.494,0,0.034,True,intact_bound
bm_1_amino_4_hydroxy_9_10_anthraquinone,neu->red1,0,-1,3.201,0,0.022,True,intact_bound
bm_1_amino_4_hydroxy_9_10_anthraquinone,red1->red2,-1,-2,2.531,0,0.041,True,intact_bound
bm_1_amino_9_10_anthraquinone,neu->red1,0,-1,3.109,0,0.021,True,intact_bound
bm_1_amino_9_10_anthraquinone,red1->red2,-1,-2,2.329,0,0.041,True,intact_bound
bm_1_benzyl_1_methyl_4_4_bipyridinium,ox2->ox1,2,1,3.673,0,1.123,True,intact_bound
bm_1_benzyl_1_methyl_4_4_bipyridinium,ox1->neu,1,0,3.085,0,0.476,True,intact_bound
bm_1_hydroxy_9_10_anthraquinone,neu->red1,0,-1,3.346,0,0.021,True,intact_bound
bm_1_hydroxy_9_10_anthraquinone,red1->red2,-1,-2,2.673,2,0.022,False,bond_change
bm_2_3_5_6_tetrachloro_1_4_benzoquinone_chloranil,neu->red1,0,-1,4.354,0,0.034,True,intact_bound
bm_2_3_5_6_tetrafluoro_1_4_benzoquinone_fluoranil,neu->red1,0,-1,4.324,0,0.051,True,intact_bound
bm_2_3_5_trimethyl_1_4_benzoquinone,neu->red1,0,-1,3.509,0,0.038,True,intact_bound
bm_2_3_dichloro_1_4_naphthoquinone,neu->red1,0,-1,3.814,0,0.029,True,intact_bound
bm_2_3_dichloro_5_6_dicyano_1_4_benzoquinone_ddq,neu->red1,0,-1,4.932,0,0.036,True,intact_bound
bm_2_3_dimethyl_1_4_benzoquinone,neu->red1,0,-1,3.601,0,0.04,True,intact_bound
bm_2_5_dichloro_1_4_benzoquinone,neu->red1,0,-1,4.105,0,0.043,True,intact_bound
bm_2_6_dimethoxy_1_4_benzoquinone,neu->red1,0,-1,3.479,0,0.54,True,intact_bound
bm_2_6_dimethyl_1_4_benzoquinone,neu->red1,0,-1,3.585,0,0.04,True,intact_bound
bm_2_chloro_1_4_benzoquinone,neu->red1,0,-1,3.934,0,0.044,True,intact_bound
bm_2_fluoro_1_4_benzoquinone,neu->red1,0,-1,3.897,0,0.044,True,intact_bound
bm_2_fluoro_1_4_benzoquinone,red1->red2,-1,-2,2.729,0,0.045,True,intact_bound
bm_2_methoxy_1_4_benzoquinone,neu->red1,0,-1,3.463,0,0.548,True,intact_bound
bm_2_methyl_1_4_benzoquinone,neu->red1,0,-1,3.672,0,0.041,True,intact_bound
bm_2_methyl_1_4_benzoquinone,red1->red2,-1,-2,2.54,0,0.043,True,intact_bound
bm_2_tert_butyl_1_4_benzoquinone,neu->red1,0,-1,3.662,0,0.036,True,intact_bound
bm_2_tert_butyl_1_4_benzoquinone,red1->red2,-1,-2,2.52,0,0.038,True,intact_bound
bm_5_8_dihydroxy_1_4_naphthoquinone_naphthazarin,neu->red1,0,-1,3.793,0,0.023,True,intact_bound
bm_5_8_dihydroxy_1_4_naphthoquinone_naphthazarin,red1->red2,-1,-2,2.923,0,0.029,True,intact_bound
bm_5_hydroxy_1_4_naphthoquinone_juglone,neu->red1,0,-1,3.687,0,0.028,True,intact_bound
bm_5_hydroxy_1_4_naphthoquinone_juglone,red1->red2,-1,-2,2.902,2,0.028,False,bond_change
bm_9_10_phenanthrenequinone,neu->red1,0,-1,3.489,0,0.025,True,intact_bound
bm_n_2_methoxyethyl_phthalimide,neu->red1,0,-1,2.597,0,0.789,True,intact_bound
bm_n_isopropylphthalimide,neu->red1,0,-1,2.562,0,0.026,True,intact_bound
bm_n_methylphthalimide,neu->red1,0,-1,2.581,0,0.027,True,intact_bound
bm_n_n_bis_2_2_methoxyethoxy_ethyl_pyromellitic_diimide,neu->red1,0,-1,3.033,0,1.645,True,intact_bound
bm_n_n_bis_2_2_methoxyethoxy_ethyl_pyromellitic_diimide,red1->red2,-1,-2,2.357,0,0.319,True,intact_bound
bm_n_n_bis_2_methoxyethyl_pyromellitic_diimide,neu->red1,0,-1,3.167,0,1.436,True,intact_bound
bm_n_n_bis_2_methoxyethyl_pyromellitic_diimide,red1->red2,-1,-2,2.352,0,0.743,True,intact_bound
bm_n_n_diisopropylpyromellitic_diimide,neu->red1,0,-1,3.13,0,0.396,True,intact_bound
bm_n_n_diisopropylpyromellitic_diimide,red1->red2,-1,-2,2.33,0,1.085,True,intact_bound
bm_tetramethyl_1_4_benzoquinone_duroquinone,neu->red1,0,-1,3.435,0,0.037,True,intact_bound
cyanopyridinium,ox->red,1,0,3.511,0,0.156,True,intact_bound
d3_05clzk,neu->red1,0,-1,3.625,0,0.15,True,intact_bound
d3_05stji,neu->red1,0,-1,3.233,0,0.246,True,intact_bound
d3_05stji,red1->red2,-1,-2,2.331,0,0.404,True,intact_bound
d3_80fsak,red1->red2,-1,-2,2.347,0,1.908,True,intact_bound
d3_80izcq,neu->red1,0,-1,3.793,0,0.132,True,intact_bound
d3_80izcq,red1->red2,-1,-2,0.876,0,1.579,True,intact_bound
d3_80txmo,neu->red1,0,-1,3.25,0,1.141,True,intact_bound
dmophquinone,neu->red1,0,-1,3.757,0,0.146,True,intact_bound
dmophquinone,red1->red2,-1,-2,2.628,0,0.122,True,intact_bound
dmophquinone_sa,neu->red1,0,-1,3.689,0,1.082,True,intact_bound
dmophquinone_sa,red1->red2,-1,-2,2.625,0,1.246,True,intact_bound
dtbc_phenol,ox->neu,1,0,5.456,0,1.927,True,intact_bound
dtbc_phenol_sa,ox->neu,1,0,5.508,0,1.055,True,intact_bound
ethylviologen,ox2->ox1,2,1,3.657,0,1.13,True,intact_bound
ethylviologen,ox1->neu,1,0,3.09,0,0.587,True,intact_bound
ethylviologen_sa,ox2->ox1,2,1,3.633,0,0.273,True,intact_bound
ethylviologen_sa,ox1->neu,1,0,3.042,0,1.375,True,intact_bound
ferrocene,ox->neu,1,0,4.435,0,0.081,True,intact_bound
methyl_viologen,ox2->ox1,2,1,3.648,0,0.252,True,intact_bound
methyl_viologen,ox1->neu,1,0,3.056,0,1.281,True,intact_bound
methylpyridinium,ox->red,1,0,2.666,0,0.045,True,intact_bound
mophquinone,neu->red1,0,-1,3.759,0,1.01,True,intact_bound
mophquinone,red1->red2,-1,-2,2.61,0,1.148,True,intact_bound
mophquinone_sa,neu->red1,0,-1,3.752,0,0.059,True,intact_bound
mophquinone_sa,red1->red2,-1,-2,2.61,0,1.005,True,intact_bound
mv_solv,ox2->ox1,2,1,,0,1.083,False,incomplete
mv_solv,ox1->neu,1,0,,0,0.704,False,incomplete
ndi_ammonium,ox->red1,1,0,3.565,0,2.622,True,intact_bound
ndi_ammonium,red1->red2,0,-1,3.084,0,1.065,True,intact_bound
ndi_ammonium_sa,ox->red1,1,0,3.524,0,0.629,True,intact_bound
ndi_ammonium_sa,red1->red2,0,-1,3.061,0,2.46,True,intact_bound
nq_benzyloxy,neu->red1,0,-1,3.5,0,1.037,True,intact_bound
nq_benzyloxy,red1->red2,-1,-2,2.514,0,0.905,True,intact_bound
nq_benzyloxy_sa,neu->red1,0,-1,3.214,0,0.492,True,intact_bound
nq_benzyloxy_sa,red1->red2,-1,-2,2.513,0,0.439,True,intact_bound
phenothiazine,ox->neu,1,0,4.996,0,0.186,True,intact_bound
phenothiazine_parent,ox->neu,1,0,4.89,0,0.328,True,intact_bound
pmdi,neu->red1,0,-1,3.176,0,0.021,True,intact_bound
pmdi,red1->red2,-1,-2,2.429,0,2.215,True,intact_bound
pmdi_sa,neu->red1,0,-1,3.163,0,0.021,True,intact_bound
pmdi_sa,red1->red2,-1,-2,2.367,0,0.021,True,intact_bound
pyridinium,ox->red,1,0,2.702,0,0.339,True,intact_bound
tempo,ox->rad,1,0,4.889,0,0.148,True,intact_bound
tempo,rad->red,0,-1,2.412,0,1.617,True,intact_bound
tempo_parent,ox->rad,1,0,4.819,0,1.219,True,intact_bound
tempo_parent,rad->red,0,-1,2.392,0,1.174,True,intact_bound
viologen,ox2->ox1,2,1,3.664,0,0.278,True,intact_bound
viologen,ox1->neu,1,0,3.082,0,0.372,True,intact_bound
