id,event,rmsd_heavy,max_disp_heavy,n_heavy,geom_source
pyridinium,ox->red,0.3387,0.5723,14,dft_smd
cyanopyridinium,ox->red,0.1559,0.2937,16,dft_smd
viologen,ox2->ox1,0.2784,0.6028,21,dft_smd
viologen,ox1->neu,0.372,0.7018,21,dft_smd
phenothiazine,ox->neu,0.1864,0.5671,22,dft_smd
tempo,ox->rad,0.1482,0.4166,20,dft_smd
tempo,rad->red,1.6168,3.4305,20,dft_smd
anthraquinone,neu->red1,1.3878,2.5023,26,dft_smd
anthraquinone,red1->red2,0.3752,0.834,26,dft_smd
ferrocene,ox->neu,0.0807,0.1389,11,dft_smd
methyl_viologen,ox2->ox1,0.2519,0.3439,14,dft_smd
methyl_viologen,ox1->neu,1.2805,2.2143,14,dft_smd
tempo_parent,ox->rad,1.2193,3.2371,11,dft_smd
tempo_parent,rad->red,1.1737,3.153,11,dft_smd
phenothiazine_parent,ox->neu,0.3279,0.6081,14,dft_smd
anthraquinone_parent,neu->red1,0.0216,0.0413,16,dft_smd
anthraquinone_parent,red1->red2,0.0255,0.0525,16,dft_smd
methylpyridinium,ox->red,0.0452,0.0817,7,dft_smd
ethylviologen,ox2->ox1,1.13,2.3994,22,dft_smd
ethylviologen,ox1->neu,0.5869,1.3927,22,dft_smd
pmdi,neu->red1,0.0209,0.0355,25,dft_smd
pmdi,red1->red2,2.2153,5.0786,25,dft_smd
ndi_ammonium,ox->red1,2.6217,4.948,35,dft_smd
ndi_ammonium,red1->red2,1.0649,3.7002,35,dft_smd
mophquinone,neu->red1,1.0103,2.4368,23,dft_smd
mophquinone,red1->red2,1.1478,2.0743,23,dft_smd
dmophquinone,neu->red1,0.1456,0.4473,27,dft_smd
dmophquinone,red1->red2,0.122,0.4301,27,dft_smd
ethylviologen_sa,ox2->ox1,0.2725,0.364,16,dft_smd
ethylviologen_sa,ox1->neu,1.375,2.061,16,dft_smd
pmdi_sa,neu->red1,0.0209,0.0263,18,dft_smd
pmdi_sa,red1->red2,0.0213,0.0329,18,dft_smd
ndi_ammonium_sa,ox->red1,0.6293,2.0073,28,dft_smd
ndi_ammonium_sa,red1->red2,2.4599,5.7013,28,dft_smd
mophquinone_sa,neu->red1,0.0588,0.105,16,dft_smd
mophquinone_sa,red1->red2,1.0046,1.9106,16,dft_smd
dmophquinone_sa,neu->red1,1.0818,2.0261,20,dft_smd
dmophquinone_sa,red1->red2,1.2461,2.9494,20,dft_smd
bisviologen,ox2->ox1,1.2752,2.439,28,dft_smd
bisviologen,ox1->neu,2.3674,6.8243,28,dft_smd
aq_benzyloxy,neu->red1,0.0642,0.1736,25,dft_smd
aq_benzyloxy,red1->red2,2.043,4.8391,25,dft_smd
nq_benzyloxy,neu->red1,1.0373,1.7874,21,dft_smd
nq_benzyloxy,red1->red2,0.9047,1.6322,21,dft_smd
dtbc_phenol,ox->neu,1.9269,3.5766,24,dft_smd
aq_benzylamino,neu->red1,1.7791,4.5423,25,dft_smd
aq_benzylamino,red1->red2,1.967,4.6216,25,dft_smd
aq_benzyloxy_sa,neu->red1,0.0202,0.0422,18,dft_smd
aq_benzyloxy_sa,red1->red2,0.0242,0.0529,18,dft_smd
nq_benzyloxy_sa,neu->red1,0.4918,1.5717,14,dft_smd
nq_benzyloxy_sa,red1->red2,0.4388,1.3377,14,dft_smd
dtbc_phenol_sa,ox->neu,1.0548,2.3902,17,dft_smd
aq_benzylamino_sa,neu->red1,0.0207,0.0426,18,dft_smd
aq_benzylamino_sa,red1->red2,0.4832,1.8126,18,dft_smd
bm_1_4_benzoquinone,neu->red1,0.0434,0.061,8,dft_smd
bm_1_4_benzoquinone,red1->red2,0.0455,0.0688,8,dft_smd
bm_2_methyl_1_4_benzoquinone,neu->red1,0.0414,0.0621,9,dft_smd
bm_2_methyl_1_4_benzoquinone,red1->red2,0.0428,0.0693,9,dft_smd
bm_2_tert_butyl_1_4_benzoquinone,neu->red1,0.0365,0.063,12,dft_smd
bm_2_tert_butyl_1_4_benzoquinone,red1->red2,0.0375,0.0707,12,dft_smd
bm_2_fluoro_1_4_benzoquinone,neu->red1,0.044,0.0664,9,dft_smd
bm_2_fluoro_1_4_benzoquinone,red1->red2,0.0449,0.0719,9,dft_smd
bm_1_hydroxy_9_10_anthraquinone,neu->red1,0.0214,0.041,17,dft_smd
bm_1_hydroxy_9_10_anthraquinone,red1->red2,0.0223,0.0477,17,dft_smd
bm_1_4_dihydroxy_9_10_anthraquinone_quinizarin,neu->red1,0.0187,0.033,18,dft_smd
bm_1_4_dihydroxy_9_10_anthraquinone_quinizarin,red1->red2,0.0215,0.0421,18,dft_smd
bm_1_amino_9_10_anthraquinone,neu->red1,0.0206,0.0379,17,dft_smd
bm_1_amino_9_10_anthraquinone,red1->red2,0.0407,0.1026,17,dft_smd
bm_1_4_diamino_9_10_anthraquinone,neu->red1,0.0434,0.0913,18,dft_smd
bm_1_4_diamino_9_10_anthraquinone,red1->red2,0.06,0.1228,18,dft_smd
bm_1_amino_4_hydroxy_9_10_anthraquinone,neu->red1,0.0216,0.0468,18,dft_smd
bm_1_amino_4_hydroxy_9_10_anthraquinone,red1->red2,0.0409,0.1049,18,dft_smd
bm_1_4_naphthoquinone,neu->red1,0.031,0.0537,12,dft_smd
bm_1_4_naphthoquinone,red1->red2,0.0344,0.0633,12,dft_smd
bm_1_2_naphthoquinone,neu->red1,0.0291,0.0428,12,dft_smd
bm_1_2_naphthoquinone,red1->red2,0.0234,0.0346,12,dft_smd
bm_5_hydroxy_1_4_naphthoquinone_juglone,neu->red1,0.0285,0.0569,13,dft_smd
bm_5_hydroxy_1_4_naphthoquinone_juglone,red1->red2,0.0283,0.0564,13,dft_smd
bm_5_8_dihydroxy_1_4_naphthoquinone_naphthazarin,neu->red1,0.0233,0.0408,14,dft_smd
bm_5_8_dihydroxy_1_4_naphthoquinone_naphthazarin,red1->red2,0.0287,0.055,14,dft_smd
bm_n_n_diisopropylpyromellitic_diimide,neu->red1,0.3964,0.7151,22,dft_smd
bm_n_n_diisopropylpyromellitic_diimide,red1->red2,1.0847,2.5486,22,dft_smd
bm_n_n_bis_2_methoxyethyl_pyromellitic_diimide,neu->red1,1.4356,4.4479,24,dft_smd
bm_n_n_bis_2_methoxyethyl_pyromellitic_diimide,red1->red2,0.7425,2.1221,24,dft_smd
bm_n_n_bis_2_2_methoxyethoxy_ethyl_pyromellitic_diimide,neu->red1,1.6447,3.8436,30,dft_smd
bm_n_n_bis_2_2_methoxyethoxy_ethyl_pyromellitic_diimide,red1->red2,0.3187,1.2477,30,dft_smd
bm_n_methylphthalimide,neu->red1,0.0267,0.0441,12,dft_smd
bm_n_isopropylphthalimide,neu->red1,0.0261,0.0461,14,dft_smd
bm_n_2_methoxyethyl_phthalimide,neu->red1,0.7893,1.9613,15,dft_smd
bm_1_benzyl_1_methyl_4_4_bipyridinium,ox2->ox1,1.1228,2.4758,20,dft_smd
bm_1_benzyl_1_methyl_4_4_bipyridinium,ox1->neu,0.4759,1.1048,20,dft_smd
bm_tetramethyl_1_4_benzoquinone_duroquinone,neu->red1,0.0373,0.0606,12,dft_smd
bm_2_6_dimethoxy_1_4_benzoquinone,neu->red1,0.5398,1.5541,12,dft_smd
bm_2_methoxy_1_4_benzoquinone,neu->red1,0.5477,1.3983,10,dft_smd
bm_2_6_dimethyl_1_4_benzoquinone,neu->red1,0.0399,0.0634,10,dft_smd
bm_2_3_dimethyl_1_4_benzoquinone,neu->red1,0.0402,0.0619,10,dft_smd
bm_2_3_5_trimethyl_1_4_benzoquinone,neu->red1,0.0384,0.0621,11,dft_smd
bm_2_3_5_6_tetrachloro_1_4_benzoquinone_chloranil,neu->red1,0.0344,0.0499,12,dft_smd
bm_2_3_5_6_tetrafluoro_1_4_benzoquinone_fluoranil,neu->red1,0.0505,0.0716,12,dft_smd
bm_2_5_dichloro_1_4_benzoquinone,neu->red1,0.0433,0.0604,10,dft_smd
bm_2_chloro_1_4_benzoquinone,neu->red1,0.044,0.0643,9,dft_smd
bm_2_3_dichloro_5_6_dicyano_1_4_benzoquinone_ddq,neu->red1,0.0362,0.0541,14,dft_smd
bm_2_3_dichloro_1_4_naphthoquinone,neu->red1,0.0289,0.0482,14,dft_smd
bm_9_10_phenanthrenequinone,neu->red1,0.0246,0.0368,16,dft_smd
bm_10_methylphenothiazine,ox->neu,0.2508,0.5303,15,dft_smd
